uniquePairID,uniqueID,sentenceID,homophoneID,phoneticID,sentenceType,isOrig,homophone,word,dummy
1,236,1,1-b,1,pun,1,profit,atheism,1
2,341,106,1-b,1,nonpun,1,profit,biblical,1
3,171,171,1-b,1,nonpun,0,profit,business,1
4,341,106,1-b,1,nonpun,1,profit,daniel,1
5,171,171,1-b,1,nonpun,0,profit,dollars,1
6,341,106,1-b,1,nonpun,1,profit,dreams,1
7,341,106,1-b,1,nonpun,1,profit,interpreting,1
8,341,106,1-b,1,nonpun,1,profit,known,1
9,171,171,1-b,1,nonpun,0,profit,made,1
10,171,171,1-b,1,nonpun,0,profit,million,1
11,301,66,1-b,1,depunned,1,profit,nationalism,1
12,236,1,1-b,1,pun,1,profit,non,1
12,301,66,1-b,1,depunned,1,profit,non,1
13,236,1,1-b,1,pun,1,profit,organization,1
13,301,66,1-b,1,depunned,1,profit,organization,1
14,171,171,1-b,1,nonpun,0,profit,year,1
15,1,1,1-a,1,pun,0,prophet,atheism,1
16,106,106,1-a,1,nonpun,0,prophet,biblical,1
17,406,171,1-a,1,nonpun,1,prophet,business,1
18,106,106,1-a,1,nonpun,0,prophet,daniel,1
19,406,171,1-a,1,nonpun,1,prophet,dollars,1
20,106,106,1-a,1,nonpun,0,prophet,dreams,1
21,106,106,1-a,1,nonpun,0,prophet,interpreting,1
22,106,106,1-a,1,nonpun,0,prophet,known,1
23,406,171,1-a,1,nonpun,1,prophet,made,1
24,406,171,1-a,1,nonpun,1,prophet,million,1
25,66,66,1-a,1,depunned,0,prophet,nationalism,1
26,1,1,1-a,1,pun,0,prophet,non,1
26,66,66,1-a,1,depunned,0,prophet,non,1
27,1,1,1-a,1,pun,0,prophet,organization,1
27,66,66,1-a,1,depunned,0,prophet,organization,1
28,406,171,1-a,1,nonpun,1,prophet,year,1
29,407,172,2-a,2,nonpun,1,pi,apple,1
30,2,2,2-a,2,pun,0,pi,circumference,1
31,107,107,2-a,2,nonpun,0,pi,decimal,1
32,407,172,2-a,2,nonpun,1,pi,dessert,1
33,2,2,2-a,2,pun,0,pi,get,1
33,67,67,2-a,2,depunned,0,pi,get,1
34,2,2,2-a,2,pun,0,pi,large,1
34,67,67,2-a,2,depunned,0,pi,large,1
35,407,172,2-a,2,nonpun,1,pi,like,1
36,107,107,2-a,2,nonpun,0,pi,number,1
37,107,107,2-a,2,nonpun,0,pi,places,1
38,107,107,2-a,2,nonpun,0,pi,recite,1
39,107,107,2-a,2,nonpun,0,pi,ten,1
40,107,107,2-a,2,nonpun,0,pi,up,1
41,67,67,2-a,2,depunned,0,pi,waistline,1
42,172,172,2-b,2,nonpun,0,pie,apple,1
43,237,2,2-b,2,pun,1,pie,circumference,1
44,342,107,2-b,2,nonpun,1,pie,decimal,1
45,172,172,2-b,2,nonpun,0,pie,dessert,1
46,237,2,2-b,2,pun,1,pie,get,1
46,302,67,2-b,2,depunned,1,pie,get,1
47,237,2,2-b,2,pun,1,pie,large,1
47,302,67,2-b,2,depunned,1,pie,large,1
48,172,172,2-b,2,nonpun,0,pie,like,1
49,342,107,2-b,2,nonpun,1,pie,number,1
50,342,107,2-b,2,nonpun,1,pie,places,1
51,342,107,2-b,2,nonpun,1,pie,recite,1
52,342,107,2-b,2,nonpun,1,pie,ten,1
53,342,107,2-b,2,nonpun,1,pie,up,1
54,302,67,2-b,2,depunned,1,pie,waistline,1
55,3,3,3-a,3,pun,0,knead,bakers,1
55,108,108,3-a,3,nonpun,0,knead,bakers,1
56,3,3,3-a,3,pun,0,knead,basis,1
56,68,68,3-a,3,depunned,0,knead,basis,1
57,3,3,3-a,3,pun,0,knead,bread,1
57,108,108,3-a,3,nonpun,0,knead,bread,1
58,68,68,3-a,3,depunned,0,knead,cake,1
59,408,173,3-a,3,nonpun,1,knead,company,1
60,408,173,3-a,3,nonpun,1,knead,computer,1
61,108,108,3-a,3,nonpun,0,knead,dough,1
62,108,108,3-a,3,nonpun,0,knead,flour,1
63,3,3,3-a,3,pun,0,knead,know,1
63,68,68,3-a,3,depunned,0,knead,know,1
64,108,108,3-a,3,nonpun,0,knead,make,1
65,108,108,3-a,3,nonpun,0,knead,milk,1
66,68,68,3-a,3,depunned,0,knead,mothers,1
67,408,173,3-a,3,nonpun,1,knead,programmers,1
68,3,3,3-a,3,pun,0,knead,recipes,1
68,68,68,3-a,3,depunned,0,knead,recipes,1
69,108,108,3-a,3,nonpun,0,knead,together,1
70,3,3,3-a,3,pun,0,knead,trade,1
70,68,68,3-a,3,depunned,0,knead,trade,1
71,238,3,3-b,3,pun,1,need,bakers,1
71,343,108,3-b,3,nonpun,1,need,bakers,1
72,238,3,3-b,3,pun,1,need,basis,1
72,303,68,3-b,3,depunned,1,need,basis,1
73,238,3,3-b,3,pun,1,need,bread,1
73,343,108,3-b,3,nonpun,1,need,bread,1
74,303,68,3-b,3,depunned,1,need,cake,1
75,173,173,3-b,3,nonpun,0,need,company,1
76,173,173,3-b,3,nonpun,0,need,computer,1
77,343,108,3-b,3,nonpun,1,need,dough,1
78,343,108,3-b,3,nonpun,1,need,flour,1
79,238,3,3-b,3,pun,1,need,know,1
79,303,68,3-b,3,depunned,1,need,know,1
80,343,108,3-b,3,nonpun,1,need,make,1
81,343,108,3-b,3,nonpun,1,need,milk,1
82,303,68,3-b,3,depunned,1,need,mothers,1
83,173,173,3-b,3,nonpun,0,need,programmers,1
84,238,3,3-b,3,pun,1,need,recipes,1
84,303,68,3-b,3,depunned,1,need,recipes,1
85,343,108,3-b,3,nonpun,1,need,together,1
86,238,3,3-b,3,pun,1,need,trade,1
86,303,68,3-b,3,depunned,1,need,trade,1
87,409,174,4-a,4,nonpun,1,oar,car,1
88,409,174,4-a,4,nonpun,1,oar,care,1
89,4,4,4-a,4,pun,0,oar,choose,1
89,69,69,4-a,4,depunned,0,oar,choose,1
90,69,69,4-a,4,depunned,0,oar,customer,1
91,109,109,4-a,4,nonpun,0,oar,dipped,1
92,4,4,4-a,4,pun,0,oar,either,1
92,69,69,4-a,4,depunned,0,oar,either,1
93,109,109,4-a,4,nonpun,0,oar,fisherman,1
94,4,4,4-a,4,pun,0,oar,indecisive,1
94,69,69,4-a,4,depunned,0,oar,indecisive,1
95,4,4,4-a,4,pun,0,oar,not,1
95,69,69,4-a,4,depunned,0,oar,not,1
96,409,174,4-a,4,nonpun,1,oar,problems,1
97,109,109,4-a,4,nonpun,0,oar,river,1
98,4,4,4-a,4,pun,0,oar,rower,1
99,409,174,4-a,4,nonpun,1,oar,take,1
100,174,174,4-b,4,nonpun,0,or,car,1
101,174,174,4-b,4,nonpun,0,or,care,1
102,239,4,4-b,4,pun,1,or,choose,1
102,304,69,4-b,4,depunned,1,or,choose,1
103,304,69,4-b,4,depunned,1,or,customer,1
104,344,109,4-b,4,nonpun,1,or,dipped,1
105,239,4,4-b,4,pun,1,or,either,1
105,304,69,4-b,4,depunned,1,or,either,1
106,344,109,4-b,4,nonpun,1,or,fisherman,1
107,239,4,4-b,4,pun,1,or,indecisive,1
107,304,69,4-b,4,depunned,1,or,indecisive,1
108,239,4,4-b,4,pun,1,or,not,1
108,304,69,4-b,4,depunned,1,or,not,1
109,174,174,4-b,4,nonpun,0,or,problems,1
110,344,109,4-b,4,nonpun,1,or,river,1
111,239,4,4-b,4,pun,1,or,rower,1
112,174,174,4-b,4,nonpun,0,or,take,1
113,345,110,5-b,5,nonpun,1,tears,boxes,1
114,240,5,5-b,5,pun,1,tears,cake,1
115,175,175,5-b,5,nonpun,0,tears,cheeks,1
116,240,5,5-b,5,pun,1,tears,emotional,1
116,305,70,5-b,5,depunned,1,tears,emotional,1
117,240,5,5-b,5,pun,1,tears,even,1
117,305,70,5-b,5,depunned,1,tears,even,1
118,305,70,5-b,5,depunned,1,tears,mother-in-law,1
119,175,175,5-b,5,nonpun,0,tears,movie,1
120,175,175,5-b,5,nonpun,0,tears,ran,1
121,175,175,5-b,5,nonpun,0,tears,sad,1
122,345,110,5-b,5,nonpun,1,tears,stacked,1
123,345,110,5-b,5,nonpun,1,tears,warehouse,1
124,175,175,5-b,5,nonpun,0,tears,watched,1
125,240,5,5-b,5,pun,1,tears,wedding,1
125,305,70,5-b,5,depunned,1,tears,wedding,1
126,110,110,5-a,5,nonpun,0,tiers,boxes,1
127,5,5,5-a,5,pun,0,tiers,cake,1
128,410,175,5-a,5,nonpun,1,tiers,cheeks,1
129,5,5,5-a,5,pun,0,tiers,emotional,1
129,70,70,5-a,5,depunned,0,tiers,emotional,1
130,5,5,5-a,5,pun,0,tiers,even,1
130,70,70,5-a,5,depunned,0,tiers,even,1
131,70,70,5-a,5,depunned,0,tiers,mother-in-law,1
132,410,175,5-a,5,nonpun,1,tiers,movie,1
133,410,175,5-a,5,nonpun,1,tiers,ran,1
134,410,175,5-a,5,nonpun,1,tiers,sad,1
135,110,110,5-a,5,nonpun,0,tiers,stacked,1
136,110,110,5-a,5,nonpun,0,tiers,warehouse,1
137,410,175,5-a,5,nonpun,1,tiers,watched,1
138,5,5,5-a,5,pun,0,tiers,wedding,1
138,70,70,5-a,5,depunned,0,tiers,wedding,1
139,346,111,6-b,6,nonpun,1,pole,candidates,1
140,241,6,6-b,6,pun,1,pole,conduct,1
140,306,71,6-b,6,depunned,1,pole,conduct,1
141,346,111,6-b,6,nonpun,1,pole,conducted,1
142,241,6,6-b,6,pun,1,pole,country,1
142,306,71,6-b,6,depunned,1,pole,country,1
143,241,6,6-b,6,pun,1,pole,decided,1
143,306,71,6-b,6,depunned,1,pole,decided,1
144,176,176,6-b,6,nonpun,0,pole,flag,1
144,241,6,6-b,6,pun,1,pole,flag,1
145,306,71,6-b,6,depunned,1,pole,gallup,1
146,241,6,6-b,6,pun,1,pole,new,1
146,306,71,6-b,6,depunned,1,pole,new,1
147,346,111,6-b,6,nonpun,1,pole,political,1
148,346,111,6-b,6,nonpun,1,pole,pollsters,1
149,346,111,6-b,6,nonpun,1,pole,popularity,1
150,176,176,6-b,6,nonpun,0,pole,raised,1
151,176,176,6-b,6,nonpun,0,pole,up,1
152,111,111,6-a,6,nonpun,0,poll,candidates,1
153,6,6,6-a,6,pun,0,poll,conduct,1
153,71,71,6-a,6,depunned,0,poll,conduct,1
154,111,111,6-a,6,nonpun,0,poll,conducted,1
155,6,6,6-a,6,pun,0,poll,country,1
155,71,71,6-a,6,depunned,0,poll,country,1
156,6,6,6-a,6,pun,0,poll,decided,1
156,71,71,6-a,6,depunned,0,poll,decided,1
157,6,6,6-a,6,pun,0,poll,flag,1
157,411,176,6-a,6,nonpun,1,poll,flag,1
158,71,71,6-a,6,depunned,0,poll,gallup,1
159,6,6,6-a,6,pun,0,poll,new,1
159,71,71,6-a,6,depunned,0,poll,new,1
160,111,111,6-a,6,nonpun,0,poll,political,1
161,111,111,6-a,6,nonpun,0,poll,pollsters,1
162,111,111,6-a,6,nonpun,0,poll,popularity,1
163,411,176,6-a,6,nonpun,1,poll,raised,1
164,411,176,6-a,6,nonpun,1,poll,up,1
165,347,112,7-b,7,nonpun,1,board,alone,1
166,242,7,7-b,7,pun,1,board,chairman,1
166,307,72,7-b,7,depunned,1,board,chairman,1
167,177,177,7-b,7,nonpun,0,board,company's,1
168,177,177,7-b,7,nonpun,0,board,directors,1
169,242,7,7-b,7,pun,1,board,executive,1
169,307,72,7-b,7,depunned,1,board,executive,1
170,307,72,7-b,7,depunned,1,board,galas,1
171,347,112,7-b,7,nonpun,1,board,man,1
172,177,177,7-b,7,nonpun,0,board,meeting,1
173,242,7,7-b,7,pun,1,board,meetings,1
174,347,112,7-b,7,nonpun,1,board,old,1
175,347,112,7-b,7,nonpun,1,board,tears,1
176,347,112,7-b,7,nonpun,1,board,time,1
177,112,112,7-a,7,nonpun,0,bored,alone,1
178,7,7,7-a,7,pun,0,bored,chairman,1
178,72,72,7-a,7,depunned,0,bored,chairman,1
179,412,177,7-a,7,nonpun,1,bored,company's,1
180,412,177,7-a,7,nonpun,1,bored,directors,1
181,7,7,7-a,7,pun,0,bored,executive,1
181,72,72,7-a,7,depunned,0,bored,executive,1
182,72,72,7-a,7,depunned,0,bored,galas,1
183,112,112,7-a,7,nonpun,0,bored,man,1
184,412,177,7-a,7,nonpun,1,bored,meeting,1
185,7,7,7-a,7,pun,0,bored,meetings,1
186,112,112,7-a,7,nonpun,0,bored,old,1
187,112,112,7-a,7,nonpun,0,bored,tears,1
188,112,112,7-a,7,nonpun,0,bored,time,1
189,348,113,8-b,8,nonpun,1,grease,country,1
190,308,73,8-b,8,depunned,1,grease,dolmas,1
191,243,8,8-b,8,pun,1,grease,donuts,1
192,348,113,8-b,8,nonpun,1,grease,europe,1
193,243,8,8-b,8,pun,1,grease,know,1
193,308,73,8-b,8,depunned,1,grease,know,1
194,243,8,8-b,8,pun,1,grease,made,1
194,308,73,8-b,8,depunned,1,grease,made,1
195,178,178,8-b,8,nonpun,0,grease,plate,1
196,348,113,8-b,8,nonpun,1,grease,portion,1
197,348,113,8-b,8,nonpun,1,grease,southern,1
198,113,113,8-a,8,nonpun,0,greece,country,1
199,73,73,8-a,8,depunned,0,greece,dolmas,1
200,8,8,8-a,8,pun,0,greece,donuts,1
201,113,113,8-a,8,nonpun,0,greece,europe,1
202,8,8,8-a,8,pun,0,greece,know,1
202,73,73,8-a,8,depunned,0,greece,know,1
203,8,8,8-a,8,pun,0,greece,made,1
203,73,73,8-a,8,depunned,0,greece,made,1
204,413,178,8-a,8,nonpun,1,greece,plate,1
205,113,113,8-a,8,nonpun,0,greece,portion,1
206,113,113,8-a,8,nonpun,0,greece,southern,1
207,244,9,9-b,9,pun,1,sign,above,1
207,309,74,9-b,9,depunned,1,sign,above,1
208,349,114,9-b,9,nonpun,1,sign,angle,1
209,309,74,9-b,9,depunned,1,sign,biology,1
210,179,179,9-b,9,nonpun,0,sign,boutique,1
211,179,179,9-b,9,nonpun,0,sign,clothes,1
212,349,114,9-b,9,nonpun,1,sign,function,1
212,349,114,9-b,9,nonpun,1,sign,function,1
213,244,9,9-b,9,pun,1,sign,hoping,1
213,309,74,9-b,9,depunned,1,sign,hoping,1
214,349,114,9-b,9,nonpun,1,sign,mathematics,1
215,244,9,9-b,9,pun,1,sign,prayed,1
215,309,74,9-b,9,depunned,1,sign,prayed,1
216,179,179,9-b,9,nonpun,0,sign,says,1
217,179,179,9-b,9,nonpun,0,sign,store,1
218,244,9,9-b,9,pun,1,sign,tests,1
218,309,74,9-b,9,depunned,1,sign,tests,1
219,244,9,9-b,9,pun,1,sign,trigonometry,1
220,9,9,9-a,9,pun,0,sine,above,1
220,74,74,9-a,9,depunned,0,sine,above,1
221,114,114,9-a,9,nonpun,0,sine,angle,1
222,74,74,9-a,9,depunned,0,sine,biology,1
223,414,179,9-a,9,nonpun,1,sine,boutique,1
224,414,179,9-a,9,nonpun,1,sine,clothes,1
225,114,114,9-a,9,nonpun,0,sine,function,1
225,114,114,9-a,9,nonpun,0,sine,function,1
226,9,9,9-a,9,pun,0,sine,hoping,1
226,74,74,9-a,9,depunned,0,sine,hoping,1
227,114,114,9-a,9,nonpun,0,sine,mathematics,1
228,9,9,9-a,9,pun,0,sine,prayed,1
228,74,74,9-a,9,depunned,0,sine,prayed,1
229,414,179,9-a,9,nonpun,1,sine,says,1
230,414,179,9-a,9,nonpun,1,sine,store,1
231,9,9,9-a,9,pun,0,sine,tests,1
231,74,74,9-a,9,depunned,0,sine,tests,1
232,9,9,9-a,9,pun,0,sine,trigonometry,1
233,415,180,10-a,10,nonpun,1,principal,believe,1
234,75,75,10-a,10,depunned,0,principal,church,1
235,10,10,10-a,10,pun,0,principal,disliked,1
235,75,75,10-a,10,depunned,0,principal,disliked,1
236,115,115,10-a,10,nonpun,0,principal,high,1
237,10,10,10-a,10,pun,0,principal,john,1
237,75,75,10-a,10,depunned,0,principal,john,1
238,10,10,10-a,10,pun,0,principal,just,1
238,75,75,10-a,10,depunned,0,principal,just,1
239,115,115,10-a,10,nonpun,0,principal,local,1
240,115,115,10-a,10,nonpun,0,principal,ms,1
241,10,10,10-a,10,pun,0,principal,not,1
241,75,75,10-a,10,depunned,0,principal,not,1
242,415,180,10-a,10,nonpun,1,principal,physics,1
243,10,10,10-a,10,pun,0,principal,school,1
243,115,115,10-a,10,nonpun,0,principal,school,1
244,115,115,10-a,10,nonpun,0,principal,wu,1
245,180,180,10-b,10,nonpun,0,principle,believe,1
246,310,75,10-b,10,depunned,1,principle,church,1
247,245,10,10-b,10,pun,1,principle,disliked,1
247,310,75,10-b,10,depunned,1,principle,disliked,1
248,350,115,10-b,10,nonpun,1,principle,high,1
249,245,10,10-b,10,pun,1,principle,john,1
249,310,75,10-b,10,depunned,1,principle,john,1
250,245,10,10-b,10,pun,1,principle,just,1
250,310,75,10-b,10,depunned,1,principle,just,1
251,350,115,10-b,10,nonpun,1,principle,local,1
252,350,115,10-b,10,nonpun,1,principle,ms,1
253,245,10,10-b,10,pun,1,principle,not,1
253,310,75,10-b,10,depunned,1,principle,not,1
254,180,180,10-b,10,nonpun,0,principle,physics,1
255,245,10,10-b,10,pun,1,principle,school,1
255,350,115,10-b,10,nonpun,1,principle,school,1
256,350,115,10-b,10,nonpun,1,principle,wu,1
257,416,181,11-a,11,nonpun,1,cd,bar,1
258,116,116,11-a,11,nonpun,0,cd,bought,1
259,116,116,11-a,11,nonpun,0,cd,classical,1
260,416,181,11-a,11,nonpun,1,cd,drunken,1
261,416,181,11-a,11,nonpun,1,cd,full,1
262,76,76,11-a,11,depunned,0,cd,grocery,1
263,11,11,11-a,11,pun,0,cd,music,1
263,116,116,11-a,11,nonpun,0,cd,music,1
264,116,116,11-a,11,nonpun,0,cd,new,1
265,11,11,11-a,11,pun,0,cd,part,1
265,76,76,11-a,11,depunned,0,cd,part,1
266,416,181,11-a,11,nonpun,1,cd,people,1
267,11,11,11-a,11,pun,0,cd,stores,1
267,76,76,11-a,11,depunned,0,cd,stores,1
268,11,11,11-a,11,pun,0,cd,town,1
268,76,76,11-a,11,depunned,0,cd,town,1
269,416,181,11-a,11,nonpun,1,cd,unwashed,1
270,181,181,11-b,11,nonpun,0,seedy,bar,1
271,351,116,11-b,11,nonpun,1,seedy,bought,1
272,351,116,11-b,11,nonpun,1,seedy,classical,1
273,181,181,11-b,11,nonpun,0,seedy,drunken,1
274,181,181,11-b,11,nonpun,0,seedy,full,1
275,311,76,11-b,11,depunned,1,seedy,grocery,1
276,246,11,11-b,11,pun,1,seedy,music,1
276,351,116,11-b,11,nonpun,1,seedy,music,1
277,351,116,11-b,11,nonpun,1,seedy,new,1
278,246,11,11-b,11,pun,1,seedy,part,1
278,311,76,11-b,11,depunned,1,seedy,part,1
279,181,181,11-b,11,nonpun,0,seedy,people,1
280,246,11,11-b,11,pun,1,seedy,stores,1
280,311,76,11-b,11,depunned,1,seedy,stores,1
281,246,11,11-b,11,pun,1,seedy,town,1
281,311,76,11-b,11,depunned,1,seedy,town,1
282,181,181,11-b,11,nonpun,0,seedy,unwashed,1
283,352,117,12-b,12,nonpun,1,hair,fields,1
284,247,12,12-b,12,pun,1,hair,got,1
284,312,77,12-b,12,depunned,1,hair,got,1
285,182,182,12-b,12,nonpun,0,hair,heads,1
286,182,182,12-b,12,nonpun,0,hair,lots,1
287,247,12,12-b,12,pun,1,hair,mad,1
287,312,77,12-b,12,depunned,1,hair,mad,1
288,247,12,12-b,12,pun,1,hair,magician,1
289,247,12,12-b,12,pun,1,hair,out,1
289,312,77,12-b,12,depunned,1,hair,out,1
290,182,182,12-b,12,nonpun,0,hair,people,1
291,312,77,12-b,12,depunned,1,hair,professor,1
292,247,12,12-b,12,pun,1,hair,pulled,1
292,312,77,12-b,12,depunned,1,hair,pulled,1
293,352,117,12-b,12,nonpun,1,hair,ran,1
294,352,117,12-b,12,nonpun,1,hair,rapidly,1
295,117,117,12-a,12,nonpun,0,hare,fields,1
296,12,12,12-a,12,pun,0,hare,got,1
296,77,77,12-a,12,depunned,0,hare,got,1
297,417,182,12-a,12,nonpun,1,hare,heads,1
298,417,182,12-a,12,nonpun,1,hare,lots,1
299,12,12,12-a,12,pun,0,hare,mad,1
299,77,77,12-a,12,depunned,0,hare,mad,1
300,12,12,12-a,12,pun,0,hare,magician,1
301,12,12,12-a,12,pun,0,hare,out,1
301,77,77,12-a,12,depunned,0,hare,out,1
302,417,182,12-a,12,nonpun,1,hare,people,1
303,77,77,12-a,12,depunned,0,hare,professor,1
304,12,12,12-a,12,pun,0,hare,pulled,1
304,77,77,12-a,12,depunned,0,hare,pulled,1
305,117,117,12-a,12,nonpun,0,hare,ran,1
306,117,117,12-a,12,nonpun,0,hare,rapidly,1
307,13,13,13-a,13,pun,0,knotty,admonished,1
307,78,78,13-a,13,depunned,0,knotty,admonished,1
308,13,13,13-a,13,pun,0,knotty,apparently,1
308,78,78,13-a,13,depunned,0,knotty,apparently,1
309,78,78,13-a,13,depunned,0,knotty,boy,1
309,418,183,13-a,13,nonpun,1,knotty,boy,1
310,118,118,13-a,13,nonpun,0,knotty,cabin,1
311,418,183,13-a,13,nonpun,1,knotty,child,1
312,13,13,13-a,13,pun,0,knotty,father,1
312,78,78,13-a,13,depunned,0,knotty,father,1
313,118,118,13-a,13,nonpun,0,knotty,made,1
314,13,13,13-a,13,pun,0,knotty,pine,1
314,118,118,13-a,13,nonpun,0,knotty,pine,1
315,13,13,13-a,13,pun,0,knotty,sapling,1
316,13,13,13-a,13,pun,0,knotty,young,1
316,78,78,13-a,13,depunned,0,knotty,young,1
317,248,13,13-b,13,pun,1,naughty,admonished,1
317,313,78,13-b,13,depunned,1,naughty,admonished,1
318,248,13,13-b,13,pun,1,naughty,apparently,1
318,313,78,13-b,13,depunned,1,naughty,apparently,1
319,183,183,13-b,13,nonpun,0,naughty,boy,1
319,313,78,13-b,13,depunned,1,naughty,boy,1
320,353,118,13-b,13,nonpun,1,naughty,cabin,1
321,183,183,13-b,13,nonpun,0,naughty,child,1
322,248,13,13-b,13,pun,1,naughty,father,1
322,313,78,13-b,13,depunned,1,naughty,father,1
323,353,118,13-b,13,nonpun,1,naughty,made,1
324,248,13,13-b,13,pun,1,naughty,pine,1
324,353,118,13-b,13,nonpun,1,naughty,pine,1
325,248,13,13-b,13,pun,1,naughty,sapling,1
326,248,13,13-b,13,pun,1,naughty,young,1
326,313,78,13-b,13,depunned,1,naughty,young,1
327,354,119,14-b,14,nonpun,1,taught,between,1
328,354,119,14-b,14,nonpun,1,taught,clothesline,1
329,184,184,14-b,14,nonpun,0,taught,college,1
330,354,119,14-b,14,nonpun,1,taught,hangs,1
331,249,14,14-b,14,pun,1,taught,learn,1
331,314,79,14-b,14,depunned,1,taught,learn,1
332,184,184,14-b,14,nonpun,0,taught,mathematics,1
333,354,119,14-b,14,nonpun,1,taught,poles,1
334,249,14,14-b,14,pun,1,taught,rope,1
335,314,79,14-b,14,depunned,1,taught,skateboard,1
336,184,184,14-b,14,nonpun,0,taught,students,1
337,249,14,14-b,14,pun,1,taught,tricks,1
337,314,79,14-b,14,depunned,1,taught,tricks,1
338,119,119,14-a,14,nonpun,0,taut,between,1
339,119,119,14-a,14,nonpun,0,taut,clothesline,1
340,419,184,14-a,14,nonpun,1,taut,college,1
341,119,119,14-a,14,nonpun,0,taut,hangs,1
342,14,14,14-a,14,pun,0,taut,learn,1
342,79,79,14-a,14,depunned,0,taut,learn,1
343,419,184,14-a,14,nonpun,1,taut,mathematics,1
344,119,119,14-a,14,nonpun,0,taut,poles,1
345,14,14,14-a,14,pun,0,taut,rope,1
346,79,79,14-a,14,depunned,0,taut,skateboard,1
347,419,184,14-a,14,nonpun,1,taut,students,1
348,14,14,14-a,14,pun,0,taut,tricks,1
348,79,79,14-a,14,depunned,0,taut,tricks,1
349,250,15,15-b,15,pun,1,marks,class,1
349,315,80,15-b,15,depunned,1,marks,class,1
350,250,15,15-b,15,pun,1,marks,communism,1
351,250,15,15-b,15,pun,1,marks,dropped,1
351,315,80,15-b,15,depunned,1,marks,dropped,1
352,355,120,15-b,15,nonpun,1,marks,german,1
353,185,185,15-b,15,nonpun,0,marks,got,1
354,185,185,15-b,15,nonpun,0,marks,high,1
354,185,185,15-b,15,nonpun,0,marks,high,1
355,355,120,15-b,15,nonpun,1,marks,karl,1
356,250,15,15-b,15,pun,1,marks,lousy,1
356,315,80,15-b,15,depunned,1,marks,lousy,1
357,315,80,15-b,15,depunned,1,marks,math,1
358,250,15,15-b,15,pun,1,marks,out,1
358,315,80,15-b,15,depunned,1,marks,out,1
359,355,120,15-b,15,nonpun,1,marks,philosopher,1
360,185,185,15-b,15,nonpun,0,marks,school,1
361,15,15,15-a,15,pun,0,marx,class,1
361,80,80,15-a,15,depunned,0,marx,class,1
362,15,15,15-a,15,pun,0,marx,communism,1
363,15,15,15-a,15,pun,0,marx,dropped,1
363,80,80,15-a,15,depunned,0,marx,dropped,1
364,120,120,15-a,15,nonpun,0,marx,german,1
365,420,185,15-a,15,nonpun,1,marx,got,1
366,420,185,15-a,15,nonpun,1,marx,high,1
366,420,185,15-a,15,nonpun,1,marx,high,1
367,120,120,15-a,15,nonpun,0,marx,karl,1
368,15,15,15-a,15,pun,0,marx,lousy,1
368,80,80,15-a,15,depunned,0,marx,lousy,1
369,80,80,15-a,15,depunned,0,marx,math,1
370,15,15,15-a,15,pun,0,marx,out,1
370,80,80,15-a,15,depunned,0,marx,out,1
371,120,120,15-a,15,nonpun,0,marx,philosopher,1
372,420,185,15-a,15,nonpun,1,marx,school,1
373,16,16,16-a,16,pun,0,hi,boy,1
373,81,81,16-a,16,depunned,0,hi,boy,1
374,421,186,16-a,16,nonpun,1,hi,feet,1
375,16,16,16-a,16,pun,0,hi,instinctively,1
375,81,81,16-a,16,depunned,0,hi,instinctively,1
376,16,16,16-a,16,pun,0,hi,natural,1
376,81,81,16-a,16,depunned,0,hi,natural,1
377,16,16,16-a,16,pun,0,hi,people,1
378,81,81,16-a,16,depunned,0,hi,risks,1
379,121,121,16-a,16,nonpun,0,hi,say,1
380,421,186,16-a,16,nonpun,1,hi,statue,1
381,81,81,16-a,16,depunned,0,hi,takes,1
382,421,186,16-a,16,nonpun,1,hi,ten,1
383,121,121,16-a,16,nonpun,0,hi,waved,1
384,16,16,16-a,16,pun,0,hi,waves,1
385,251,16,16-b,16,pun,1,high,boy,1
385,316,81,16-b,16,depunned,1,high,boy,1
386,186,186,16-b,16,nonpun,0,high,feet,1
387,251,16,16-b,16,pun,1,high,instinctively,1
387,316,81,16-b,16,depunned,1,high,instinctively,1
388,251,16,16-b,16,pun,1,high,natural,1
388,316,81,16-b,16,depunned,1,high,natural,1
389,251,16,16-b,16,pun,1,high,people,1
390,316,81,16-b,16,depunned,1,high,risks,1
391,356,121,16-b,16,nonpun,1,high,say,1
392,186,186,16-b,16,nonpun,0,high,statue,1
393,316,81,16-b,16,depunned,1,high,takes,1
394,186,186,16-b,16,nonpun,0,high,ten,1
395,356,121,16-b,16,nonpun,1,high,waved,1
396,251,16,16-b,16,pun,1,high,waves,1
397,357,122,17-b,17,nonpun,1,days,bad,1
398,252,17,17-b,17,pun,1,days,end,1
398,317,82,17-b,17,depunned,1,days,end,1
399,252,17,17-b,17,pun,1,days,having,1
399,317,82,17-b,17,depunned,1,days,having,1
400,357,122,17-b,17,nonpun,1,days,learning,1
401,252,17,17-b,17,pun,1,days,longs,1
401,317,82,17-b,17,depunned,1,days,longs,1
402,357,122,17-b,17,nonpun,1,days,news,1
403,252,17,17-b,17,pun,1,days,school,1
403,317,82,17-b,17,depunned,1,days,school,1
404,187,187,17-b,17,nonpun,0,days,seven,1
405,252,17,17-b,17,pun,1,days,teacher,1
405,317,82,17-b,17,depunned,1,days,teacher,1
406,252,17,17-b,17,pun,1,days,time,1
406,317,82,17-b,17,depunned,1,days,time,1
407,252,17,17-b,17,pun,1,days,tough,1
407,317,82,17-b,17,depunned,1,days,tough,1
408,187,187,17-b,17,nonpun,0,days,week,1
409,122,122,17-a,17,nonpun,0,daze,bad,1
410,17,17,17-a,17,pun,0,daze,end,1
410,82,82,17-a,17,depunned,0,daze,end,1
411,17,17,17-a,17,pun,0,daze,having,1
411,82,82,17-a,17,depunned,0,daze,having,1
412,122,122,17-a,17,nonpun,0,daze,learning,1
413,17,17,17-a,17,pun,0,daze,longs,1
413,82,82,17-a,17,depunned,0,daze,longs,1
414,122,122,17-a,17,nonpun,0,daze,news,1
415,17,17,17-a,17,pun,0,daze,school,1
415,82,82,17-a,17,depunned,0,daze,school,1
416,422,187,17-a,17,nonpun,1,daze,seven,1
417,17,17,17-a,17,pun,0,daze,teacher,1
417,82,82,17-a,17,depunned,0,daze,teacher,1
418,17,17,17-a,17,pun,0,daze,time,1
418,82,82,17-a,17,depunned,0,daze,time,1
419,17,17,17-a,17,pun,0,daze,tough,1
419,82,82,17-a,17,depunned,0,daze,tough,1
420,422,187,17-a,17,nonpun,1,daze,week,1
421,253,18,18-b,18,pun,1,pros,authors,1
422,318,83,18-b,18,depunned,1,pros,bankers,1
423,188,188,18-b,18,nonpun,0,pros,cons,1
423,253,18,18-b,18,pun,1,pros,cons,1
423,318,83,18-b,18,depunned,1,pros,cons,1
424,358,123,18-b,18,nonpun,1,pros,essays,1
425,253,18,18-b,18,pun,1,pros,jail,1
425,318,83,18-b,18,depunned,1,pros,jail,1
426,188,188,18-b,18,nonpun,0,pros,networking,1
427,358,123,18-b,18,nonpun,1,pros,novels,1
428,188,188,18-b,18,nonpun,0,pros,sites,1
429,188,188,18-b,18,nonpun,0,pros,social,1
430,358,123,18-b,18,nonpun,1,pros,written,1
431,18,18,18-a,18,pun,0,prose,authors,1
432,83,83,18-a,18,depunned,0,prose,bankers,1
433,18,18,18-a,18,pun,0,prose,cons,1
433,83,83,18-a,18,depunned,0,prose,cons,1
433,423,188,18-a,18,nonpun,1,prose,cons,1
434,123,123,18-a,18,nonpun,0,prose,essays,1
435,18,18,18-a,18,pun,0,prose,jail,1
435,83,83,18-a,18,depunned,0,prose,jail,1
436,423,188,18-a,18,nonpun,1,prose,networking,1
437,123,123,18-a,18,nonpun,0,prose,novels,1
438,423,188,18-a,18,nonpun,1,prose,sites,1
439,423,188,18-a,18,nonpun,1,prose,social,1
440,123,123,18-a,18,nonpun,0,prose,written,1
441,359,124,19-b,19,nonpun,1,plain,airport,1
442,189,189,19-b,19,nonpun,0,plain,beautiful,1
443,319,84,19-b,19,depunned,1,plain,driving,1
444,254,19,19-b,19,pun,1,plain,eat,1
444,319,84,19-b,19,depunned,1,plain,eat,1
445,254,19,19-b,19,pun,1,plain,expect,1
445,319,84,19-b,19,depunned,1,plain,expect,1
446,254,19,19-b,19,pun,1,plain,fancy,1
446,319,84,19-b,19,depunned,1,plain,fancy,1
447,189,189,19-b,19,nonpun,0,plain,felt,1
448,254,19,19-b,19,pun,1,plain,flying,1
449,254,19,19-b,19,pun,1,plain,food,1
449,319,84,19-b,19,depunned,1,plain,food,1
450,359,124,19-b,19,nonpun,1,plain,landed,1
451,254,19,19-b,19,pun,1,plain,not,1
451,319,84,19-b,19,depunned,1,plain,not,1
452,189,189,19-b,19,nonpun,0,plain,sister,1
453,124,124,19-a,19,nonpun,0,plane,airport,1
454,424,189,19-a,19,nonpun,1,plane,beautiful,1
455,84,84,19-a,19,depunned,0,plane,driving,1
456,19,19,19-a,19,pun,0,plane,eat,1
456,84,84,19-a,19,depunned,0,plane,eat,1
457,19,19,19-a,19,pun,0,plane,expect,1
457,84,84,19-a,19,depunned,0,plane,expect,1
458,19,19,19-a,19,pun,0,plane,fancy,1
458,84,84,19-a,19,depunned,0,plane,fancy,1
459,424,189,19-a,19,nonpun,1,plane,felt,1
460,19,19,19-a,19,pun,0,plane,flying,1
461,19,19,19-a,19,pun,0,plane,food,1
461,84,84,19-a,19,depunned,0,plane,food,1
462,124,124,19-a,19,nonpun,0,plane,landed,1
463,19,19,19-a,19,pun,0,plane,not,1
463,84,84,19-a,19,depunned,0,plane,not,1
464,424,189,19-a,19,nonpun,1,plane,sister,1
465,20,20,20-a,20,pun,0,dam,beaver,1
465,125,125,20-a,20,nonpun,0,dam,beaver,1
466,20,20,20-a,20,pun,0,dam,best,1
466,85,85,20-a,20,depunned,0,dam,best,1
467,125,125,20-a,20,nonpun,0,dam,building,1
468,20,20,20-a,20,pun,0,dam,ever,1
468,85,85,20-a,20,depunned,0,dam,ever,1
469,425,190,20-a,20,nonpun,1,dam,give,1
470,85,85,20-a,20,depunned,0,dam,horror,1
471,125,125,20-a,20,nonpun,0,dam,logs,1
472,20,20,20-a,20,pun,0,dam,movie,1
472,20,20,20-a,20,pun,0,dam,movie,1
472,85,85,20-a,20,depunned,0,dam,movie,1
472,85,85,20-a,20,depunned,0,dam,movie,1
473,20,20,20-a,20,pun,0,dam,night,1
473,85,85,20-a,20,depunned,0,dam,night,1
474,425,190,20-a,20,nonpun,1,dam,not,1
475,20,20,20-a,20,pun,0,dam,saw,1
475,85,85,20-a,20,depunned,0,dam,saw,1
476,425,190,20-a,20,nonpun,1,dam,say,1
477,20,20,20-a,20,pun,0,dam,seen,1
477,85,85,20-a,20,depunned,0,dam,seen,1
478,125,125,20-a,20,nonpun,0,dam,sticks,1
479,255,20,20-b,20,pun,1,damn,beaver,1
479,360,125,20-b,20,nonpun,1,damn,beaver,1
480,255,20,20-b,20,pun,1,damn,best,1
480,320,85,20-b,20,depunned,1,damn,best,1
481,360,125,20-b,20,nonpun,1,damn,building,1
482,255,20,20-b,20,pun,1,damn,ever,1
482,320,85,20-b,20,depunned,1,damn,ever,1
483,190,190,20-b,20,nonpun,0,damn,give,1
484,320,85,20-b,20,depunned,1,damn,horror,1
485,360,125,20-b,20,nonpun,1,damn,logs,1
486,255,20,20-b,20,pun,1,damn,movie,1
486,255,20,20-b,20,pun,1,damn,movie,1
486,320,85,20-b,20,depunned,1,damn,movie,1
486,320,85,20-b,20,depunned,1,damn,movie,1
487,255,20,20-b,20,pun,1,damn,night,1
487,320,85,20-b,20,depunned,1,damn,night,1
488,190,190,20-b,20,nonpun,0,damn,not,1
489,255,20,20-b,20,pun,1,damn,saw,1
489,320,85,20-b,20,depunned,1,damn,saw,1
490,190,190,20-b,20,nonpun,0,damn,say,1
491,255,20,20-b,20,pun,1,damn,seen,1
491,320,85,20-b,20,depunned,1,damn,seen,1
492,360,125,20-b,20,nonpun,1,damn,sticks,1
493,21,21,21-a,21,pun,0,hertz,computer,1
493,126,126,21-a,21,nonpun,0,hertz,computer,1
494,426,191,21-a,21,nonpun,1,hertz,fell,1
495,86,86,21-a,21,depunned,0,hertz,horse,1
496,426,191,21-a,21,nonpun,1,hertz,leg,1
497,126,126,21-a,21,nonpun,0,hertz,mega,1
498,126,126,21-a,21,nonpun,0,hertz,processing,1
499,21,21,21-a,21,pun,0,hertz,slow,1
499,86,86,21-a,21,depunned,0,hertz,slow,1
500,126,126,21-a,21,nonpun,0,hertz,speed,1
501,126,126,21-a,21,nonpun,0,hertz,thirty-three,1
502,256,21,21-b,21,pun,1,hurts,computer,1
502,361,126,21-b,21,nonpun,1,hurts,computer,1
503,191,191,21-b,21,nonpun,0,hurts,fell,1
504,321,86,21-b,21,depunned,1,hurts,horse,1
505,191,191,21-b,21,nonpun,0,hurts,leg,1
506,361,126,21-b,21,nonpun,1,hurts,mega,1
507,361,126,21-b,21,nonpun,1,hurts,processing,1
508,256,21,21-b,21,pun,1,hurts,slow,1
508,321,86,21-b,21,depunned,1,hurts,slow,1
509,361,126,21-b,21,nonpun,1,hurts,speed,1
510,361,126,21-b,21,nonpun,1,hurts,thirty-three,1
511,22,22,22-a,22,pun,0,role,actors,1
512,427,192,22-a,22,nonpun,1,role,bought,1
513,87,87,22-a,22,depunned,0,role,directors,1
514,427,192,22-a,22,nonpun,1,role,dress,1
515,22,22,22-a,22,pun,0,role,great,1
515,87,87,22-a,22,depunned,0,role,great,1
516,127,127,22-a,22,nonpun,0,role,leading,1
517,427,192,22-a,22,nonpun,1,role,make,1
518,22,22,22-a,22,pun,0,role,movie,1
518,87,87,22-a,22,depunned,0,role,movie,1
519,127,127,22-a,22,nonpun,0,role,plays,1
520,127,127,22-a,22,nonpun,0,role,show,1
521,427,192,22-a,22,nonpun,1,role,silk,1
522,127,127,22-a,22,nonpun,0,role,television,1
523,257,22,22-b,22,pun,1,roll,actors,1
524,192,192,22-b,22,nonpun,0,roll,bought,1
525,322,87,22-b,22,depunned,1,roll,directors,1
526,192,192,22-b,22,nonpun,0,roll,dress,1
527,257,22,22-b,22,pun,1,roll,great,1
527,322,87,22-b,22,depunned,1,roll,great,1
528,362,127,22-b,22,nonpun,1,roll,leading,1
529,192,192,22-b,22,nonpun,0,roll,make,1
530,257,22,22-b,22,pun,1,roll,movie,1
530,322,87,22-b,22,depunned,1,roll,movie,1
531,362,127,22-b,22,nonpun,1,roll,plays,1
532,362,127,22-b,22,nonpun,1,roll,show,1
533,192,192,22-b,22,nonpun,0,roll,silk,1
534,362,127,22-b,22,nonpun,1,roll,television,1
535,193,193,23-b,23,nonpun,0,caller,bank,1
536,363,128,23-b,23,nonpun,1,caller,dog,1
537,258,23,23-b,23,pun,1,caller,id,1
537,323,88,23-b,23,depunned,1,caller,id,1
538,258,23,23-b,23,pun,1,caller,man,1
538,323,88,23-b,23,depunned,1,caller,man,1
539,258,23,23-b,23,pun,1,caller,name,1
539,323,88,23-b,23,depunned,1,caller,name,1
540,258,23,23-b,23,pun,1,caller,neck,1
541,193,193,23-b,23,nonpun,0,caller,phone,1
542,323,88,23-b,23,depunned,1,caller,pocket,1
543,258,23,23-b,23,pun,1,caller,put,1
543,323,88,23-b,23,depunned,1,caller,put,1
544,363,128,23-b,23,nonpun,1,caller,puts,1
545,258,23,23-b,23,pun,1,caller,shirt,1
545,323,88,23-b,23,depunned,1,caller,shirt,1
546,363,128,23-b,23,nonpun,1,caller,walking,1
547,428,193,23-a,23,nonpun,1,collar,bank,1
548,128,128,23-a,23,nonpun,0,collar,dog,1
549,23,23,23-a,23,pun,0,collar,id,1
549,88,88,23-a,23,depunned,0,collar,id,1
550,23,23,23-a,23,pun,0,collar,man,1
550,88,88,23-a,23,depunned,0,collar,man,1
551,23,23,23-a,23,pun,0,collar,name,1
551,88,88,23-a,23,depunned,0,collar,name,1
552,23,23,23-a,23,pun,0,collar,neck,1
553,428,193,23-a,23,nonpun,1,collar,phone,1
554,88,88,23-a,23,depunned,0,collar,pocket,1
555,23,23,23-a,23,pun,0,collar,put,1
555,88,88,23-a,23,depunned,0,collar,put,1
556,128,128,23-a,23,nonpun,0,collar,puts,1
557,23,23,23-a,23,pun,0,collar,shirt,1
557,88,88,23-a,23,depunned,0,collar,shirt,1
558,128,128,23-a,23,nonpun,0,collar,walking,1
559,89,89,24-a,24,depunned,0,steal,bodybuilders,1
560,129,129,24-a,24,nonpun,0,steal,boy,1
561,129,129,24-a,24,nonpun,0,steal,candy,1
562,129,129,24-a,24,nonpun,0,steal,decided,1
563,129,129,24-a,24,nonpun,0,steal,friend's,1
564,429,194,24-a,24,nonpun,1,steal,made,1
565,24,24,24-a,24,pun,0,steal,muscles,1
565,89,89,24-a,24,depunned,0,steal,muscles,1
566,129,129,24-a,24,nonpun,0,steal,not,1
567,429,194,24-a,24,nonpun,1,steal,ship,1
568,24,24,24-a,24,pun,0,steal,thieves,1
569,129,129,24-a,24,nonpun,0,steal,wanted,1
570,429,194,24-a,24,nonpun,1,steal,wood,1
571,324,89,24-b,24,depunned,1,steel,bodybuilders,1
572,364,129,24-b,24,nonpun,1,steel,boy,1
573,364,129,24-b,24,nonpun,1,steel,candy,1
574,364,129,24-b,24,nonpun,1,steel,decided,1
575,364,129,24-b,24,nonpun,1,steel,friend's,1
576,194,194,24-b,24,nonpun,0,steel,made,1
577,259,24,24-b,24,pun,1,steel,muscles,1
577,324,89,24-b,24,depunned,1,steel,muscles,1
578,364,129,24-b,24,nonpun,1,steel,not,1
579,194,194,24-b,24,nonpun,0,steel,ship,1
580,259,24,24-b,24,pun,1,steel,thieves,1
581,364,129,24-b,24,nonpun,1,steel,wanted,1
582,194,194,24-b,24,nonpun,0,steel,wood,1
583,260,25,25-b,25,pun,1,die,actress,1
583,325,90,25-b,25,depunned,1,die,actress,1
584,195,195,25-b,25,nonpun,0,die,attack,1
585,260,25,25-b,25,pun,1,die,gray,1
586,260,25,25-b,25,pun,1,die,hair,1
586,365,130,25-b,25,nonpun,1,die,hair,1
587,195,195,25-b,25,nonpun,0,die,heart,1
588,365,130,25-b,25,nonpun,1,die,like,1
589,365,130,25-b,25,nonpun,1,die,not,1
590,365,130,25-b,25,nonpun,1,die,people,1
591,260,25,25-b,25,pun,1,die,saw,1
591,325,90,25-b,25,depunned,1,die,saw,1
592,195,195,25-b,25,nonpun,0,die,scared,1
593,260,25,25-b,25,pun,1,die,strands,1
594,260,25,25-b,25,pun,1,die,thought,1
594,325,90,25-b,25,depunned,1,die,thought,1
595,195,195,25-b,25,nonpun,0,die,very,1
596,325,90,25-b,25,depunned,1,die,wrinkle,1
597,25,25,25-a,25,pun,0,dye,actress,1
597,90,90,25-a,25,depunned,0,dye,actress,1
598,430,195,25-a,25,nonpun,1,dye,attack,1
599,25,25,25-a,25,pun,0,dye,gray,1
600,25,25,25-a,25,pun,0,dye,hair,1
600,130,130,25-a,25,nonpun,0,dye,hair,1
601,430,195,25-a,25,nonpun,1,dye,heart,1
602,130,130,25-a,25,nonpun,0,dye,like,1
603,130,130,25-a,25,nonpun,0,dye,not,1
604,130,130,25-a,25,nonpun,0,dye,people,1
605,25,25,25-a,25,pun,0,dye,saw,1
605,90,90,25-a,25,depunned,0,dye,saw,1
606,430,195,25-a,25,nonpun,1,dye,scared,1
607,25,25,25-a,25,pun,0,dye,strands,1
608,25,25,25-a,25,pun,0,dye,thought,1
608,90,90,25-a,25,depunned,0,dye,thought,1
609,430,195,25-a,25,nonpun,1,dye,very,1
610,90,90,25-a,25,depunned,0,dye,wrinkle,1
611,26,26,26-a,26,pun,0,waist,belt,1
611,131,131,26-a,26,nonpun,0,waist,belt,1
612,26,26,26-a,26,pun,0,waist,cardboard,1
612,91,91,26-a,26,depunned,0,waist,cardboard,1
613,431,196,26-a,26,nonpun,1,waist,dealing,1
614,91,91,26-a,26,depunned,0,waist,fort,1
615,131,131,26-a,26,nonpun,0,waist,look,1
616,26,26,26-a,26,pun,0,waist,paper,1
616,91,91,26-a,26,depunned,0,waist,paper,1
617,131,131,26-a,26,nonpun,0,waist,small,1
618,431,196,26-a,26,nonpun,1,waist,time,1
619,131,131,26-a,26,nonpun,0,waist,tiny,1
620,261,26,26-b,26,pun,1,waste,belt,1
620,366,131,26-b,26,nonpun,1,waste,belt,1
621,261,26,26-b,26,pun,1,waste,cardboard,1
621,326,91,26-b,26,depunned,1,waste,cardboard,1
622,196,196,26-b,26,nonpun,0,waste,dealing,1
623,326,91,26-b,26,depunned,1,waste,fort,1
624,366,131,26-b,26,nonpun,1,waste,look,1
625,261,26,26-b,26,pun,1,waste,paper,1
625,326,91,26-b,26,depunned,1,waste,paper,1
626,366,131,26-b,26,nonpun,1,waste,small,1
627,196,196,26-b,26,nonpun,0,waste,time,1
628,366,131,26-b,26,nonpun,1,waste,tiny,1
629,262,27,27-b,27,pun,1,feat,able,1
629,327,92,27-b,27,depunned,1,feat,able,1
630,262,27,27-b,27,pun,1,feat,being,1
630,327,92,27-b,27,depunned,1,feat,being,1
631,197,197,27-b,27,nonpun,0,feat,exam,1
632,262,27,27-b,27,pun,1,feat,fit,1
632,327,92,27-b,27,depunned,1,feat,fit,1
633,262,27,27-b,27,pun,1,feat,fourteen,1
633,327,92,27-b,27,depunned,1,feat,fourteen,1
634,367,132,27-b,27,nonpun,1,feat,hurting,1
635,367,132,27-b,27,nonpun,1,feat,new,1
636,327,92,27-b,27,depunned,1,feat,pants,1
637,197,197,27-b,27,nonpun,0,feat,passing,1
638,262,27,27-b,27,pun,1,feat,quite,1
638,327,92,27-b,27,depunned,1,feat,quite,1
639,197,197,27-b,27,nonpun,0,feat,real,1
640,262,27,27-b,27,pun,1,feat,shoes,1
640,367,132,27-b,27,nonpun,1,feat,shoes,1
641,262,27,27-b,27,pun,1,feat,size,1
641,327,92,27-b,27,depunned,1,feat,size,1
642,197,197,27-b,27,nonpun,0,feat,studying,1
643,367,132,27-b,27,nonpun,1,feat,these,1
644,27,27,27-a,27,pun,0,feet,able,1
644,92,92,27-a,27,depunned,0,feet,able,1
645,27,27,27-a,27,pun,0,feet,being,1
645,92,92,27-a,27,depunned,0,feet,being,1
646,432,197,27-a,27,nonpun,1,feet,exam,1
647,27,27,27-a,27,pun,0,feet,fit,1
647,92,92,27-a,27,depunned,0,feet,fit,1
648,27,27,27-a,27,pun,0,feet,fourteen,1
648,92,92,27-a,27,depunned,0,feet,fourteen,1
649,132,132,27-a,27,nonpun,0,feet,hurting,1
650,132,132,27-a,27,nonpun,0,feet,new,1
651,92,92,27-a,27,depunned,0,feet,pants,1
652,432,197,27-a,27,nonpun,1,feet,passing,1
653,27,27,27-a,27,pun,0,feet,quite,1
653,92,92,27-a,27,depunned,0,feet,quite,1
654,432,197,27-a,27,nonpun,1,feet,real,1
655,27,27,27-a,27,pun,0,feet,shoes,1
655,132,132,27-a,27,nonpun,0,feet,shoes,1
656,27,27,27-a,27,pun,0,feet,size,1
656,92,92,27-a,27,depunned,0,feet,size,1
657,432,197,27-a,27,nonpun,1,feet,studying,1
658,132,132,27-a,27,nonpun,0,feet,these,1
659,198,198,28-b,28,nonpun,0,allowed,car,1
660,368,133,28-b,28,nonpun,1,allowed,class,1
661,198,198,28-b,28,nonpun,0,allowed,family,1
662,328,93,28-b,28,depunned,1,allowed,intern,1
663,263,28,28-b,28,pun,1,allowed,mime,1
664,263,28,28-b,28,pun,1,allowed,not,1
664,328,93,28-b,28,depunned,1,allowed,not,1
665,368,133,28-b,28,nonpun,1,allowed,poem,1
666,368,133,28-b,28,nonpun,1,allowed,read,1
667,263,28,28-b,28,pun,1,allowed,say,1
667,328,93,28-b,28,depunned,1,allowed,say,1
668,198,198,28-b,28,nonpun,0,allowed,son,1
669,368,133,28-b,28,nonpun,1,allowed,student,1
670,198,198,28-b,28,nonpun,0,allowed,use,1
671,263,28,28-b,28,pun,1,allowed,wanted,1
671,328,93,28-b,28,depunned,1,allowed,wanted,1
672,433,198,28-a,28,nonpun,1,aloud,car,1
673,133,133,28-a,28,nonpun,0,aloud,class,1
674,433,198,28-a,28,nonpun,1,aloud,family,1
675,93,93,28-a,28,depunned,0,aloud,intern,1
676,28,28,28-a,28,pun,0,aloud,mime,1
677,28,28,28-a,28,pun,0,aloud,not,1
677,93,93,28-a,28,depunned,0,aloud,not,1
678,133,133,28-a,28,nonpun,0,aloud,poem,1
679,133,133,28-a,28,nonpun,0,aloud,read,1
680,28,28,28-a,28,pun,0,aloud,say,1
680,93,93,28-a,28,depunned,0,aloud,say,1
681,433,198,28-a,28,nonpun,1,aloud,son,1
682,133,133,28-a,28,nonpun,0,aloud,student,1
683,433,198,28-a,28,nonpun,1,aloud,use,1
684,28,28,28-a,28,pun,0,aloud,wanted,1
684,93,93,28-a,28,depunned,0,aloud,wanted,1
685,29,29,29-a,29,pun,0,pail,buckets,1
686,94,94,29-a,29,depunned,0,pail,burdens,1
687,29,29,29-a,29,pun,0,pail,carry,1
687,94,94,29-a,29,depunned,0,pail,carry,1
688,134,134,29-a,29,nonpun,0,pail,clean,1
689,29,29,29-a,29,pun,0,pail,feeling,1
689,94,94,29-a,29,depunned,0,pail,feeling,1
690,134,134,29-a,29,nonpun,0,pail,filled,1
691,134,134,29-a,29,nonpun,0,pail,floor,1
692,434,199,29-a,29,nonpun,1,pail,looks,1
693,434,199,29-a,29,nonpun,1,pail,sick,1
694,29,29,29-a,29,pun,0,pail,start,1
694,94,94,29-a,29,depunned,0,pail,start,1
695,29,29,29-a,29,pun,0,pail,those,1
695,94,94,29-a,29,depunned,0,pail,those,1
696,134,134,29-a,29,nonpun,0,pail,water,1
697,134,134,29-a,29,nonpun,0,pail,worker,1
698,264,29,29-b,29,pun,1,pale,buckets,1
699,329,94,29-b,29,depunned,1,pale,burdens,1
700,264,29,29-b,29,pun,1,pale,carry,1
700,329,94,29-b,29,depunned,1,pale,carry,1
701,369,134,29-b,29,nonpun,1,pale,clean,1
702,264,29,29-b,29,pun,1,pale,feeling,1
702,329,94,29-b,29,depunned,1,pale,feeling,1
703,369,134,29-b,29,nonpun,1,pale,filled,1
704,369,134,29-b,29,nonpun,1,pale,floor,1
705,199,199,29-b,29,nonpun,0,pale,looks,1
706,199,199,29-b,29,nonpun,0,pale,sick,1
707,264,29,29-b,29,pun,1,pale,start,1
707,329,94,29-b,29,depunned,1,pale,start,1
708,264,29,29-b,29,pun,1,pale,those,1
708,329,94,29-b,29,depunned,1,pale,those,1
709,369,134,29-b,29,nonpun,1,pale,water,1
710,369,134,29-b,29,nonpun,1,pale,worker,1
711,330,95,30-b,30,depunned,1,manner,anchor,1
712,265,30,30-b,30,pun,1,manner,castle,1
713,330,95,30-b,30,depunned,1,manner,family,1
714,200,200,30-b,30,nonpun,0,manner,food,1
715,265,30,30-b,30,pun,1,manner,home,1
716,370,135,30-b,30,nonpun,1,manner,huge,1
717,370,135,30-b,30,nonpun,1,manner,live,1
718,265,30,30-b,30,pun,1,manner,man's,1
718,330,95,30-b,30,depunned,1,manner,man's,1
719,330,95,30-b,30,depunned,1,manner,manor,1
720,200,200,30-b,30,nonpun,0,manner,party,1
721,370,135,30-b,30,nonpun,1,manner,people,1
722,265,30,30-b,30,pun,1,manner,speaking,1
722,330,95,30-b,30,depunned,1,manner,speaking,1
723,370,135,30-b,30,nonpun,1,manner,those,1
724,370,135,30-b,30,nonpun,1,manner,wealthy,1
725,95,95,30-a,30,depunned,0,manor,anchor,1
726,30,30,30-a,30,pun,0,manor,castle,1
727,95,95,30-a,30,depunned,0,manor,family,1
728,435,200,30-a,30,nonpun,1,manor,food,1
729,30,30,30-a,30,pun,0,manor,home,1
730,135,135,30-a,30,nonpun,0,manor,huge,1
731,135,135,30-a,30,nonpun,0,manor,live,1
732,30,30,30-a,30,pun,0,manor,man's,1
732,95,95,30-a,30,depunned,0,manor,man's,1
733,95,95,30-a,30,depunned,0,manor,manor,1
734,435,200,30-a,30,nonpun,1,manor,party,1
735,135,135,30-a,30,nonpun,0,manor,people,1
736,30,30,30-a,30,pun,0,manor,speaking,1
736,95,95,30-a,30,depunned,0,manor,speaking,1
737,135,135,30-a,30,nonpun,0,manor,those,1
738,135,135,30-a,30,nonpun,0,manor,wealthy,1
739,436,201,31-a,31,nonpun,1,cache,bought,1
740,31,31,31-a,31,pun,0,cache,chips,1
740,96,96,31-a,31,depunned,0,cache,chips,1
740,436,201,31-a,31,nonpun,1,cache,chips,1
741,96,96,31-a,31,depunned,0,cache,competitor,1
742,31,31,31-a,31,pun,0,cache,computer,1
743,136,136,31-a,31,nonpun,0,cache,copies,1
744,136,136,31-a,31,nonpun,0,cache,database,1
745,31,31,31-a,31,pun,0,cache,ended,1
745,96,96,31-a,31,depunned,0,cache,ended,1
746,31,31,31-a,31,pun,0,cache,online,1
746,96,96,31-a,31,depunned,0,cache,online,1
747,136,136,31-a,31,nonpun,0,cache,pages,1
748,31,31,31-a,31,pun,0,cache,poker,1
748,96,96,31-a,31,depunned,0,cache,poker,1
749,436,201,31-a,31,nonpun,1,cache,stocks,1
750,136,136,31-a,31,nonpun,0,cache,stored,1
751,31,31,31-a,31,pun,0,cache,suddenly,1
751,96,96,31-a,31,depunned,0,cache,suddenly,1
752,436,201,31-a,31,nonpun,1,cache,ten,1
753,31,31,31-a,31,pun,0,cache,tournament,1
753,96,96,31-a,31,depunned,0,cache,tournament,1
754,136,136,31-a,31,nonpun,0,cache,web,1
755,436,201,31-a,31,nonpun,1,cache,years,1
756,201,201,31-b,31,nonpun,0,cash,bought,1
757,201,201,31-b,31,nonpun,0,cash,chips,1
757,266,31,31-b,31,pun,1,cash,chips,1
757,331,96,31-b,31,depunned,1,cash,chips,1
758,331,96,31-b,31,depunned,1,cash,competitor,1
759,266,31,31-b,31,pun,1,cash,computer,1
760,371,136,31-b,31,nonpun,1,cash,copies,1
761,371,136,31-b,31,nonpun,1,cash,database,1
762,266,31,31-b,31,pun,1,cash,ended,1
762,331,96,31-b,31,depunned,1,cash,ended,1
763,266,31,31-b,31,pun,1,cash,online,1
763,331,96,31-b,31,depunned,1,cash,online,1
764,371,136,31-b,31,nonpun,1,cash,pages,1
765,266,31,31-b,31,pun,1,cash,poker,1
765,331,96,31-b,31,depunned,1,cash,poker,1
766,201,201,31-b,31,nonpun,0,cash,stocks,1
767,371,136,31-b,31,nonpun,1,cash,stored,1
768,266,31,31-b,31,pun,1,cash,suddenly,1
768,331,96,31-b,31,depunned,1,cash,suddenly,1
769,201,201,31-b,31,nonpun,0,cash,ten,1
770,266,31,31-b,31,pun,1,cash,tournament,1
770,331,96,31-b,31,depunned,1,cash,tournament,1
771,371,136,31-b,31,nonpun,1,cash,web,1
772,201,201,31-b,31,nonpun,0,cash,years,1
773,332,97,32-b,32,depunned,1,rain,autumn,1
774,267,32,32-b,32,pun,1,rain,britain,1
774,332,97,32-b,32,depunned,1,rain,britain,1
775,202,202,32-b,32,nonpun,0,rain,city,1
776,372,137,32-b,32,nonpun,1,rain,ended,1
777,202,202,32-b,32,nonpun,0,rain,fell,1
778,372,137,32-b,32,nonpun,1,rain,heir,1
779,372,137,32-b,32,nonpun,1,rain,king's,1
780,267,32,32-b,32,pun,1,rain,long,1
780,332,97,32-b,32,depunned,1,rain,long,1
781,202,202,32-b,32,nonpun,0,rain,night,1
782,267,32,32-b,32,pun,1,rain,place,1
782,332,97,32-b,32,depunned,1,rain,place,1
783,267,32,32-b,32,pun,1,rain,queen,1
784,372,137,32-b,32,nonpun,1,rain,took,1
785,267,32,32-b,32,pun,1,rain,wet,1
785,332,97,32-b,32,depunned,1,rain,wet,1
786,97,97,32-a,32,depunned,0,reign,autumn,1
787,32,32,32-a,32,pun,0,reign,britain,1
787,97,97,32-a,32,depunned,0,reign,britain,1
788,437,202,32-a,32,nonpun,1,reign,city,1
789,137,137,32-a,32,nonpun,0,reign,ended,1
790,437,202,32-a,32,nonpun,1,reign,fell,1
791,137,137,32-a,32,nonpun,0,reign,heir,1
792,137,137,32-a,32,nonpun,0,reign,king's,1
793,32,32,32-a,32,pun,0,reign,long,1
793,97,97,32-a,32,depunned,0,reign,long,1
794,437,202,32-a,32,nonpun,1,reign,night,1
795,32,32,32-a,32,pun,0,reign,place,1
795,97,97,32-a,32,depunned,0,reign,place,1
796,32,32,32-a,32,pun,0,reign,queen,1
797,137,137,32-a,32,nonpun,0,reign,took,1
798,32,32,32-a,32,pun,0,reign,wet,1
798,97,97,32-a,32,depunned,0,reign,wet,1
799,138,138,33-a,33,nonpun,0,thyme,chicken,1
800,138,138,33-a,33,nonpun,0,thyme,creamy,1
801,33,33,33-a,33,pun,0,thyme,extra,1
801,98,98,33-a,33,depunned,0,thyme,extra,1
802,138,138,33-a,33,nonpun,0,thyme,favorite,1
803,138,138,33-a,33,nonpun,0,thyme,flavored,1
804,33,33,33-a,33,pun,0,thyme,gardeners,1
804,98,98,33-a,33,depunned,0,thyme,gardeners,1
805,33,33,33-a,33,pun,0,thyme,get,1
805,98,98,33-a,33,depunned,0,thyme,get,1
806,33,33,33-a,33,pun,0,thyme,herb,1
807,438,203,33-a,33,nonpun,1,thyme,lunch,1
808,138,138,33-a,33,nonpun,0,thyme,meals,1
809,438,203,33-a,33,nonpun,1,thyme,meeting,1
810,138,138,33-a,33,nonpun,0,thyme,sauce,1
811,98,98,33-a,33,depunned,0,thyme,tomato,1
812,33,33,33-a,33,pun,0,thyme,work,1
812,98,98,33-a,33,depunned,0,thyme,work,1
813,373,138,33-b,33,nonpun,1,time,chicken,1
814,373,138,33-b,33,nonpun,1,time,creamy,1
815,268,33,33-b,33,pun,1,time,extra,1
815,333,98,33-b,33,depunned,1,time,extra,1
816,373,138,33-b,33,nonpun,1,time,favorite,1
817,373,138,33-b,33,nonpun,1,time,flavored,1
818,268,33,33-b,33,pun,1,time,gardeners,1
818,333,98,33-b,33,depunned,1,time,gardeners,1
819,268,33,33-b,33,pun,1,time,get,1
819,333,98,33-b,33,depunned,1,time,get,1
820,268,33,33-b,33,pun,1,time,herb,1
821,203,203,33-b,33,nonpun,0,time,lunch,1
822,373,138,33-b,33,nonpun,1,time,meals,1
823,203,203,33-b,33,nonpun,0,time,meeting,1
824,373,138,33-b,33,nonpun,1,time,sauce,1
825,333,98,33-b,33,depunned,1,time,tomato,1
826,268,33,33-b,33,pun,1,time,work,1
826,333,98,33-b,33,depunned,1,time,work,1
827,204,204,34-b,34,nonpun,0,poor,afford,1
828,269,34,34-b,34,pun,1,poor,bad,1
828,334,99,34-b,34,depunned,1,poor,bad,1
829,204,204,34-b,34,nonpun,0,poor,buy,1
830,204,204,34-b,34,nonpun,0,poor,cannot,1
831,269,34,34-b,34,pun,1,poor,excuse,1
831,334,99,34-b,34,depunned,1,poor,excuse,1
832,204,204,34-b,34,nonpun,0,poor,family,1
833,204,204,34-b,34,nonpun,0,poor,food,1
834,374,139,34-b,34,nonpun,1,poor,opening,1
835,269,34,34-b,34,pun,1,poor,say,1
835,269,34,34-b,34,pun,1,poor,say,1
835,334,99,34-b,34,depunned,1,poor,say,1
835,334,99,34-b,34,depunned,1,poor,say,1
836,269,34,34-b,34,pun,1,poor,skin,1
836,374,139,34-b,34,nonpun,1,poor,skin,1
837,374,139,34-b,34,nonpun,1,poor,small,1
838,374,139,34-b,34,nonpun,1,poor,surface,1
839,334,99,34-b,34,depunned,1,poor,teeth,1
840,374,139,34-b,34,nonpun,1,poor,very,1
841,439,204,34-a,34,nonpun,1,pore,afford,1
842,34,34,34-a,34,pun,0,pore,bad,1
842,99,99,34-a,34,depunned,0,pore,bad,1
843,439,204,34-a,34,nonpun,1,pore,buy,1
844,439,204,34-a,34,nonpun,1,pore,cannot,1
845,34,34,34-a,34,pun,0,pore,excuse,1
845,99,99,34-a,34,depunned,0,pore,excuse,1
846,439,204,34-a,34,nonpun,1,pore,family,1
847,439,204,34-a,34,nonpun,1,pore,food,1
848,139,139,34-a,34,nonpun,0,pore,opening,1
849,34,34,34-a,34,pun,0,pore,say,1
849,34,34,34-a,34,pun,0,pore,say,1
849,99,99,34-a,34,depunned,0,pore,say,1
849,99,99,34-a,34,depunned,0,pore,say,1
850,34,34,34-a,34,pun,0,pore,skin,1
850,139,139,34-a,34,nonpun,0,pore,skin,1
851,139,139,34-a,34,nonpun,0,pore,small,1
852,139,139,34-a,34,nonpun,0,pore,surface,1
853,99,99,34-a,34,depunned,0,pore,teeth,1
854,139,139,34-a,34,nonpun,0,pore,very,1
855,440,205,35-a,35,nonpun,1,gilt,accused,1
856,35,35,35-a,35,pun,0,gilt,complex,1
856,100,100,35-a,35,depunned,0,gilt,complex,1
857,140,140,35-a,35,nonpun,0,gilt,covered,1
858,440,205,35-a,35,nonpun,1,gilt,decides,1
859,140,140,35-a,35,nonpun,0,gilt,frame,1
860,35,35,35-a,35,pun,0,gilt,gold,1
861,440,205,35-a,35,nonpun,1,gilt,innocence,1
862,440,205,35-a,35,nonpun,1,gilt,jury,1
863,35,35,35-a,35,pun,0,gilt,like,1
863,100,100,35-a,35,depunned,0,gilt,like,1
864,35,35,35-a,35,pun,0,gilt,paint,1
864,100,100,35-a,35,depunned,0,gilt,paint,1
865,35,35,35-a,35,pun,0,gilt,people,1
865,100,100,35-a,35,depunned,0,gilt,people,1
866,440,205,35-a,35,nonpun,1,gilt,person,1
867,100,100,35-a,35,depunned,0,gilt,purple,1
868,205,205,35-b,35,nonpun,0,guilt,accused,1
869,270,35,35-b,35,pun,1,guilt,complex,1
869,335,100,35-b,35,depunned,1,guilt,complex,1
870,375,140,35-b,35,nonpun,1,guilt,covered,1
871,205,205,35-b,35,nonpun,0,guilt,decides,1
872,375,140,35-b,35,nonpun,1,guilt,frame,1
873,270,35,35-b,35,pun,1,guilt,gold,1
874,205,205,35-b,35,nonpun,0,guilt,innocence,1
875,205,205,35-b,35,nonpun,0,guilt,jury,1
876,270,35,35-b,35,pun,1,guilt,like,1
876,335,100,35-b,35,depunned,1,guilt,like,1
877,270,35,35-b,35,pun,1,guilt,paint,1
877,335,100,35-b,35,depunned,1,guilt,paint,1
878,270,35,35-b,35,pun,1,guilt,people,1
878,335,100,35-b,35,depunned,1,guilt,people,1
879,205,205,35-b,35,nonpun,0,guilt,person,1
880,335,100,35-b,35,depunned,1,guilt,purple,1
881,206,206,36-b,36,nonpun,0,err,being,1
882,206,206,36-b,36,nonpun,0,err,better,1
883,376,141,36-b,36,nonpun,1,err,british,1
884,336,101,36-b,36,depunned,1,err,careless,1
885,271,36,36-b,36,pun,1,err,human,1
886,376,141,36-b,36,nonpun,1,err,prince,1
887,206,206,36-b,36,nonpun,0,err,safe,1
888,206,206,36-b,36,nonpun,0,err,side,1
889,376,141,36-b,36,nonpun,1,err,throne,1
890,376,141,36-b,36,nonpun,1,err,william,1
891,441,206,36-a,36,nonpun,1,heir,being,1
892,441,206,36-a,36,nonpun,1,heir,better,1
893,141,141,36-a,36,nonpun,0,heir,british,1
894,101,101,36-a,36,depunned,0,heir,careless,1
895,36,36,36-a,36,pun,0,heir,human,1
896,141,141,36-a,36,nonpun,0,heir,prince,1
897,441,206,36-a,36,nonpun,1,heir,safe,1
898,441,206,36-a,36,nonpun,1,heir,side,1
899,141,141,36-a,36,nonpun,0,heir,throne,1
900,141,141,36-a,36,nonpun,0,heir,william,1
901,37,37,37-a,37,pun,0,son,boy,1
902,142,142,37-a,37,nonpun,0,son,daughter,1
903,442,207,37-a,37,nonpun,1,son,evening,1
904,37,37,37-a,37,pun,0,son,got,1
904,102,102,37-a,37,depunned,0,son,got,1
905,442,207,37-a,37,nonpun,1,son,morning,1
906,37,37,37-a,37,pun,0,son,only,1
906,102,102,37-a,37,depunned,0,son,only,1
907,102,102,37-a,37,depunned,0,son,parrot,1
908,37,37,37-a,37,pun,0,son,rest,1
908,102,102,37-a,37,depunned,0,son,rest,1
909,442,207,37-a,37,nonpun,1,son,rises,1
910,442,207,37-a,37,nonpun,1,son,sets,1
911,272,37,37-b,37,pun,1,sun,boy,1
912,377,142,37-b,37,nonpun,1,sun,daughter,1
913,207,207,37-b,37,nonpun,0,sun,evening,1
914,272,37,37-b,37,pun,1,sun,got,1
914,337,102,37-b,37,depunned,1,sun,got,1
915,207,207,37-b,37,nonpun,0,sun,morning,1
916,272,37,37-b,37,pun,1,sun,only,1
916,337,102,37-b,37,depunned,1,sun,only,1
917,337,102,37-b,37,depunned,1,sun,parrot,1
918,272,37,37-b,37,pun,1,sun,rest,1
918,337,102,37-b,37,depunned,1,sun,rest,1
919,207,207,37-b,37,nonpun,0,sun,rises,1
920,207,207,37-b,37,nonpun,0,sun,sets,1
921,38,38,38-a,38,pun,0,c's,cannot,1
921,103,103,38-a,38,depunned,0,c's,cannot,1
922,103,103,38-a,38,depunned,0,c's,choristers,1
923,143,143,38-a,38,nonpun,0,c's,even,1
924,143,143,38-a,38,nonpun,0,c's,hard,1
925,38,38,38-a,38,pun,0,c's,high,1
925,103,103,38-a,38,depunned,0,c's,high,1
925,143,143,38-a,38,nonpun,0,c's,high,1
925,443,208,38-a,38,nonpun,1,c's,high,1
926,38,38,38-a,38,pun,0,c's,hit,1
926,103,103,38-a,38,depunned,0,c's,hit,1
927,38,38,38-a,38,pun,0,c's,make,1
927,103,103,38-a,38,depunned,0,c's,make,1
928,443,208,38-a,38,nonpun,1,c's,mid-atlantic,1
929,38,38,38-a,38,pun,0,c's,novice,1
929,103,103,38-a,38,depunned,0,c's,novice,1
930,38,38,38-a,38,pun,0,c's,pirates,1
931,443,208,38-a,38,nonpun,1,c's,ship,1
932,143,143,38-a,38,nonpun,0,c's,sing,1
933,38,38,38-a,38,pun,0,c's,singers,1
933,103,103,38-a,38,depunned,0,c's,singers,1
934,143,143,38-a,38,nonpun,0,c's,soprano,1
935,38,38,38-a,38,pun,0,c's,terrible,1
935,103,103,38-a,38,depunned,0,c's,terrible,1
936,273,38,38-b,38,pun,1,seas,cannot,1
936,338,103,38-b,38,depunned,1,seas,cannot,1
937,338,103,38-b,38,depunned,1,seas,choristers,1
938,378,143,38-b,38,nonpun,1,seas,even,1
939,378,143,38-b,38,nonpun,1,seas,hard,1
940,208,208,38-b,38,nonpun,0,seas,high,1
940,273,38,38-b,38,pun,1,seas,high,1
940,338,103,38-b,38,depunned,1,seas,high,1
940,378,143,38-b,38,nonpun,1,seas,high,1
941,273,38,38-b,38,pun,1,seas,hit,1
941,338,103,38-b,38,depunned,1,seas,hit,1
942,273,38,38-b,38,pun,1,seas,make,1
942,338,103,38-b,38,depunned,1,seas,make,1
943,208,208,38-b,38,nonpun,0,seas,mid-atlantic,1
944,273,38,38-b,38,pun,1,seas,novice,1
944,338,103,38-b,38,depunned,1,seas,novice,1
945,273,38,38-b,38,pun,1,seas,pirates,1
946,208,208,38-b,38,nonpun,0,seas,ship,1
947,378,143,38-b,38,nonpun,1,seas,sing,1
948,273,38,38-b,38,pun,1,seas,singers,1
948,338,103,38-b,38,depunned,1,seas,singers,1
949,378,143,38-b,38,nonpun,1,seas,soprano,1
950,273,38,38-b,38,pun,1,seas,terrible,1
950,338,103,38-b,38,depunned,1,seas,terrible,1
951,39,39,39-a,39,pun,0,watt,bright,1
951,104,104,39-a,39,depunned,0,watt,bright,1
952,144,144,39-a,39,nonpun,0,watt,bulb,1
953,144,144,39-a,39,nonpun,0,watt,desk,1
954,39,39,39-a,39,pun,0,watt,electrician,1
955,39,39,39-a,39,pun,0,watt,knows,1
955,104,104,39-a,39,depunned,0,watt,knows,1
956,144,144,39-a,39,nonpun,0,watt,lamp,1
957,144,144,39-a,39,nonpun,0,watt,light,1
958,104,104,39-a,39,depunned,0,watt,optometrist,1
959,144,144,39-a,39,nonpun,0,watt,sixty,1
960,39,39,39-a,39,pun,0,watt,spark,1
960,104,104,39-a,39,depunned,0,watt,spark,1
961,444,209,39-a,39,nonpun,1,watt,students,1
962,444,209,39-a,39,nonpun,1,watt,teacher,1
963,444,209,39-a,39,nonpun,1,watt,told,1
964,144,144,39-a,39,nonpun,0,watt,uses,1
965,39,39,39-a,39,pun,0,watt,what's,1
965,104,104,39-a,39,depunned,0,watt,what's,1
966,274,39,39-b,39,pun,1,what,bright,1
966,339,104,39-b,39,depunned,1,what,bright,1
967,379,144,39-b,39,nonpun,1,what,bulb,1
968,379,144,39-b,39,nonpun,1,what,desk,1
969,274,39,39-b,39,pun,1,what,electrician,1
970,274,39,39-b,39,pun,1,what,knows,1
970,339,104,39-b,39,depunned,1,what,knows,1
971,379,144,39-b,39,nonpun,1,what,lamp,1
972,379,144,39-b,39,nonpun,1,what,light,1
973,339,104,39-b,39,depunned,1,what,optometrist,1
974,379,144,39-b,39,nonpun,1,what,sixty,1
975,274,39,39-b,39,pun,1,what,spark,1
975,339,104,39-b,39,depunned,1,what,spark,1
976,209,209,39-b,39,nonpun,0,what,students,1
977,209,209,39-b,39,nonpun,0,what,teacher,1
978,209,209,39-b,39,nonpun,0,what,told,1
979,379,144,39-b,39,nonpun,1,what,uses,1
980,274,39,39-b,39,pun,1,what,what's,1
980,339,104,39-b,39,depunned,1,what,what's,1
981,340,105,40-b,40,depunned,1,raiser,balance,1
982,380,145,40-b,40,nonpun,1,raiser,beard,1
983,275,40,40-b,40,pun,1,raiser,budget,1
983,340,105,40-b,40,depunned,1,raiser,budget,1
984,210,210,40-b,40,nonpun,0,raiser,church,1
985,210,210,40-b,40,nonpun,0,raiser,fund,1
985,275,40,40-b,40,pun,1,raiser,fund,1
985,340,105,40-b,40,depunned,1,raiser,fund,1
986,210,210,40-b,40,nonpun,0,raiser,girl,1
987,210,210,40-b,40,nonpun,0,raiser,local,1
988,275,40,40-b,40,pun,1,raiser,mayor,1
988,340,105,40-b,40,depunned,1,raiser,mayor,1
989,210,210,40-b,40,nonpun,0,raiser,organized,1
990,380,145,40-b,40,nonpun,1,raiser,shave,1
991,275,40,40-b,40,pun,1,raiser,slash,1
992,275,40,40-b,40,pun,1,raiser,turned,1
992,340,105,40-b,40,depunned,1,raiser,turned,1
993,380,145,40-b,40,nonpun,1,raiser,used,1
994,275,40,40-b,40,pun,1,raiser,wanted,1
994,340,105,40-b,40,depunned,1,raiser,wanted,1
995,105,105,40-a,40,depunned,0,razor,balance,1
996,145,145,40-a,40,nonpun,0,razor,beard,1
997,40,40,40-a,40,pun,0,razor,budget,1
997,105,105,40-a,40,depunned,0,razor,budget,1
998,445,210,40-a,40,nonpun,1,razor,church,1
999,40,40,40-a,40,pun,0,razor,fund,1
999,105,105,40-a,40,depunned,0,razor,fund,1
999,445,210,40-a,40,nonpun,1,razor,fund,1
1000,445,210,40-a,40,nonpun,1,razor,girl,1
1001,445,210,40-a,40,nonpun,1,razor,local,1
1002,40,40,40-a,40,pun,0,razor,mayor,1
1002,105,105,40-a,40,depunned,0,razor,mayor,1
1003,445,210,40-a,40,nonpun,1,razor,organized,1
1004,145,145,40-a,40,nonpun,0,razor,shave,1
1005,40,40,40-a,40,pun,0,razor,slash,1
1006,40,40,40-a,40,pun,0,razor,turned,1
1006,105,105,40-a,40,depunned,0,razor,turned,1
1007,145,145,40-a,40,nonpun,0,razor,used,1
1008,40,40,40-a,40,pun,0,razor,wanted,1
1008,105,105,40-a,40,depunned,0,razor,wanted,1
1009,41,41,41-a,41,pun,0,knot,boyscouts,1
1010,146,146,41-a,41,nonpun,0,knot,double,1
1011,146,146,41-a,41,nonpun,0,knot,easy,1
1012,41,41,41-a,41,pun,0,knot,know,1
1013,446,211,41-a,41,nonpun,1,knot,let's,1
1014,41,41,41-a,41,pun,0,knot,ropes,1
1015,41,41,41-a,41,pun,0,knot,tie,1
1015,146,146,41-a,41,nonpun,0,knot,tie,1
1016,276,41,41-b,41,pun,1,not,boyscouts,1
1017,381,146,41-b,41,nonpun,1,not,double,1
1018,381,146,41-b,41,nonpun,1,not,easy,1
1019,276,41,41-b,41,pun,1,not,know,1
1020,211,211,41-b,41,nonpun,0,not,let's,1
1021,276,41,41-b,41,pun,1,not,ropes,1
1022,276,41,41-b,41,pun,1,not,tie,1
1022,381,146,41-b,41,nonpun,1,not,tie,1
1023,42,42,42-a,42,pun,0,wood,ask,1
1023,42,42,42-a,42,pun,0,wood,ask,1
1024,447,212,42-a,42,nonpun,1,wood,father,1
1025,147,147,42-a,42,nonpun,0,wood,get,1
1026,447,212,42-a,42,nonpun,1,wood,go,1
1027,447,212,42-a,42,nonpun,1,wood,let,1
1028,447,212,42-a,42,nonpun,1,wood,not,1
1029,447,212,42-a,42,nonpun,1,wood,party,1
1030,42,42,42-a,42,pun,0,wood,trees,1
1030,147,147,42-a,42,nonpun,0,wood,trees,1
1031,277,42,42-b,42,pun,1,would,ask,1
1031,277,42,42-b,42,pun,1,would,ask,1
1032,212,212,42-b,42,nonpun,0,would,father,1
1033,382,147,42-b,42,nonpun,1,would,get,1
1034,212,212,42-b,42,nonpun,0,would,go,1
1035,212,212,42-b,42,nonpun,0,would,let,1
1036,212,212,42-b,42,nonpun,0,would,not,1
1037,212,212,42-b,42,nonpun,0,would,party,1
1038,277,42,42-b,42,pun,1,would,trees,1
1038,382,147,42-b,42,nonpun,1,would,trees,1
1039,43,43,43-a,43,pun,0,grader,afraid,1
1040,43,43,43-a,43,pun,0,grader,cheddar,1
1041,43,43,43-a,43,pun,0,grader,cheese,1
1041,448,213,43-a,43,nonpun,1,grader,cheese,1
1041,448,213,43-a,43,nonpun,1,grader,cheese,1
1042,43,43,43-a,43,pun,0,grader,colby,1
1043,148,148,43-a,43,nonpun,0,grader,hired,1
1044,43,43,43-a,43,pun,0,grader,jack,1
1045,43,43,43-a,43,pun,0,grader,jr,1
1046,43,43,43-a,43,pun,0,grader,person,1
1047,43,43,43-a,43,pun,0,grader,school,1
1048,148,148,43-a,43,nonpun,0,grader,score,1
1049,448,213,43-a,43,nonpun,1,grader,slices,1
1050,148,148,43-a,43,nonpun,0,grader,tests,1
1051,278,43,43-b,43,pun,1,grater,afraid,1
1052,278,43,43-b,43,pun,1,grater,cheddar,1
1053,213,213,43-b,43,nonpun,0,grater,cheese,1
1053,213,213,43-b,43,nonpun,0,grater,cheese,1
1053,278,43,43-b,43,pun,1,grater,cheese,1
1054,278,43,43-b,43,pun,1,grater,colby,1
1055,383,148,43-b,43,nonpun,1,grater,hired,1
1056,278,43,43-b,43,pun,1,grater,jack,1
1057,278,43,43-b,43,pun,1,grater,jr,1
1058,278,43,43-b,43,pun,1,grater,person,1
1059,278,43,43-b,43,pun,1,grater,school,1
1060,383,148,43-b,43,nonpun,1,grater,score,1
1061,213,213,43-b,43,nonpun,0,grater,slices,1
1062,383,148,43-b,43,nonpun,1,grater,tests,1
1063,449,214,44-a,44,nonpun,1,eye,answer,1
1064,44,44,44-a,44,pun,0,eye,blind,1
1065,449,214,44-a,44,nonpun,1,eye,know,1
1066,149,149,44-a,44,nonpun,0,eye,poked,1
1067,44,44,44-a,44,pun,0,eye,see,1
1068,214,214,44-b,44,nonpun,0,i,answer,1
1069,279,44,44-b,44,pun,1,i,blind,1
1070,214,214,44-b,44,nonpun,0,i,know,1
1071,384,149,44-b,44,nonpun,1,i,poked,1
1072,279,44,44-b,44,pun,1,i,see,1
1073,45,45,45-a,45,pun,0,cell,biology,1
1073,150,150,45-a,45,nonpun,0,cell,biology,1
1074,450,215,45-a,45,nonpun,1,cell,car,1
1075,450,215,45-a,45,nonpun,1,cell,good,1
1076,45,45,45-a,45,pun,0,cell,keep,1
1077,45,45,45-a,45,pun,0,cell,know,1
1078,150,150,45-a,45,nonpun,0,cell,learned,1
1079,450,215,45-a,45,nonpun,1,cell,price,1
1080,45,45,45-a,45,pun,0,cell,program,1
1081,45,45,45-a,45,pun,0,cell,whether,1
1082,150,150,45-a,45,nonpun,0,cell,works,1
1083,280,45,45-b,45,pun,1,sell,biology,1
1083,385,150,45-b,45,nonpun,1,sell,biology,1
1084,215,215,45-b,45,nonpun,0,sell,car,1
1085,215,215,45-b,45,nonpun,0,sell,good,1
1086,280,45,45-b,45,pun,1,sell,keep,1
1087,280,45,45-b,45,pun,1,sell,know,1
1088,385,150,45-b,45,nonpun,1,sell,learned,1
1089,215,215,45-b,45,nonpun,0,sell,price,1
1090,280,45,45-b,45,pun,1,sell,program,1
1091,280,45,45-b,45,pun,1,sell,whether,1
1092,385,150,45-b,45,nonpun,1,sell,works,1
1093,216,216,46-b,46,nonpun,0,cent,borrow,1
1094,281,46,46-b,46,pun,1,cent,cost,1
1095,216,216,46-b,46,nonpun,0,cent,even,1
1096,281,46,46-b,46,pun,1,cent,get,1
1097,216,216,46-b,46,nonpun,0,cent,let,1
1098,216,216,46-b,46,nonpun,0,cent,not,1
1099,281,46,46-b,46,pun,1,cent,rid,1
1100,281,46,46-b,46,pun,1,cent,smell,1
1101,216,216,46-b,46,nonpun,0,cent,stingy,1
1102,386,151,46-b,46,nonpun,1,cent,unpleasant,1
1103,451,216,46-a,46,nonpun,1,scent,borrow,1
1104,46,46,46-a,46,pun,0,scent,cost,1
1105,451,216,46-a,46,nonpun,1,scent,even,1
1106,46,46,46-a,46,pun,0,scent,get,1
1107,451,216,46-a,46,nonpun,1,scent,let,1
1108,451,216,46-a,46,nonpun,1,scent,not,1
1109,46,46,46-a,46,pun,0,scent,rid,1
1110,46,46,46-a,46,pun,0,scent,smell,1
1111,451,216,46-a,46,nonpun,1,scent,stingy,1
1112,151,151,46-a,46,nonpun,0,scent,unpleasant,1
1113,282,47,47-b,47,pun,1,coarse,class,1
1114,217,217,47-b,47,nonpun,0,coarse,hair,1
1115,282,47,47-b,47,pun,1,coarse,just,1
1116,282,47,47-b,47,pun,1,coarse,liking,1
1117,282,47,47-b,47,pun,1,coarse,rough,1
1118,387,152,47-b,47,nonpun,1,coarse,school,1
1119,282,47,47-b,47,pun,1,coarse,stick,1
1120,387,152,47-b,47,nonpun,1,coarse,took,1
1121,282,47,47-b,47,pun,1,coarse,tried,1
1122,217,217,47-b,47,nonpun,0,coarse,very,1
1123,47,47,47-a,47,pun,0,course,class,1
1124,452,217,47-a,47,nonpun,1,course,hair,1
1125,47,47,47-a,47,pun,0,course,just,1
1126,47,47,47-a,47,pun,0,course,liking,1
1127,47,47,47-a,47,pun,0,course,rough,1
1128,152,152,47-a,47,nonpun,0,course,school,1
1129,47,47,47-a,47,pun,0,course,stick,1
1130,152,152,47-a,47,nonpun,0,course,took,1
1131,47,47,47-a,47,pun,0,course,tried,1
1132,452,217,47-a,47,nonpun,1,course,very,1
1133,388,153,48-b,48,nonpun,1,dear,forest,1
1134,218,218,48-b,48,nonpun,0,dear,friend,1
1135,283,48,48-b,48,pun,1,dear,pet,1
1136,283,48,48-b,48,pun,1,dear,very,1
1137,153,153,48-a,48,nonpun,0,deer,forest,1
1138,453,218,48-a,48,nonpun,1,deer,friend,1
1139,48,48,48-a,48,pun,0,deer,pet,1
1140,48,48,48-a,48,pun,0,deer,very,1
1141,389,154,49-b,49,nonpun,1,be,angry,1
1142,284,49,49-b,49,pun,1,be,hive,1
1143,389,154,49-b,49,nonpun,1,be,honey,1
1144,284,49,49-b,49,pun,1,be,long,1
1145,219,219,49-b,49,nonpun,0,be,okay,1
1146,389,154,49-b,49,nonpun,1,be,steal,1
1147,389,154,49-b,49,nonpun,1,be,stung,1
1148,389,154,49-b,49,nonpun,1,be,tried,1
1149,284,49,49-b,49,pun,1,be,want,1
1150,219,219,49-b,49,nonpun,0,be,worry,1
1151,154,154,49-a,49,nonpun,0,bee,angry,1
1152,49,49,49-a,49,pun,0,bee,hive,1
1153,154,154,49-a,49,nonpun,0,bee,honey,1
1154,49,49,49-a,49,pun,0,bee,long,1
1155,454,219,49-a,49,nonpun,1,bee,okay,1
1156,154,154,49-a,49,nonpun,0,bee,steal,1
1157,154,154,49-a,49,nonpun,0,bee,stung,1
1158,154,154,49-a,49,nonpun,0,bee,tried,1
1159,49,49,49-a,49,pun,0,bee,want,1
1160,454,219,49-a,49,nonpun,1,bee,worry,1
1161,50,50,50-a,50,pun,0,brake,careful,1
1162,155,155,50-a,50,nonpun,0,brake,cars,1
1163,50,50,50-a,50,pun,0,brake,fast,1
1164,455,220,50-a,50,nonpun,1,brake,leg,1
1165,50,50,50-a,50,pun,0,brake,not,1
1166,455,220,50-a,50,nonpun,1,brake,performance,1
1167,50,50,50-a,50,pun,0,brake,really,1
1168,50,50,50-a,50,pun,0,brake,run,1
1169,155,155,50-a,50,nonpun,0,brake,slowly,1
1170,285,50,50-b,50,pun,1,break,careful,1
1171,390,155,50-b,50,nonpun,1,break,cars,1
1172,285,50,50-b,50,pun,1,break,fast,1
1173,220,220,50-b,50,nonpun,0,break,leg,1
1174,285,50,50-b,50,pun,1,break,not,1
1175,220,220,50-b,50,nonpun,0,break,performance,1
1176,285,50,50-b,50,pun,1,break,really,1
1177,285,50,50-b,50,pun,1,break,run,1
1178,390,155,50-b,50,nonpun,1,break,slowly,1
1179,456,221,51-a,51,nonpun,1,flour,among,1
1180,156,156,51-a,51,nonpun,0,flour,baking,1
1181,51,51,51-a,51,pun,0,flour,brought,1
1182,51,51,51-a,51,pun,0,flour,chef,1
1183,51,51,51-a,51,pun,0,flour,day,1
1184,156,156,51-a,51,nonpun,0,flour,different,1
1185,51,51,51-a,51,pun,0,flour,girlfriend,1
1186,456,221,51-a,51,nonpun,1,flour,growing,1
1187,156,156,51-a,51,nonpun,0,flour,kinds,1
1188,51,51,51-a,51,pun,0,flour,pastry,1
1189,456,221,51-a,51,nonpun,1,flour,picked,1
1190,456,221,51-a,51,nonpun,1,flour,pretty,1
1191,156,156,51-a,51,nonpun,0,flour,use,1
1192,51,51,51-a,51,pun,0,flour,valentine's,1
1193,456,221,51-a,51,nonpun,1,flour,weeds,1
1194,221,221,51-b,51,nonpun,0,flower,among,1
1195,391,156,51-b,51,nonpun,1,flower,baking,1
1196,286,51,51-b,51,pun,1,flower,brought,1
1197,286,51,51-b,51,pun,1,flower,chef,1
1198,286,51,51-b,51,pun,1,flower,day,1
1199,391,156,51-b,51,nonpun,1,flower,different,1
1200,286,51,51-b,51,pun,1,flower,girlfriend,1
1201,221,221,51-b,51,nonpun,0,flower,growing,1
1202,391,156,51-b,51,nonpun,1,flower,kinds,1
1203,286,51,51-b,51,pun,1,flower,pastry,1
1204,221,221,51-b,51,nonpun,0,flower,picked,1
1205,221,221,51-b,51,nonpun,0,flower,pretty,1
1206,391,156,51-b,51,nonpun,1,flower,use,1
1207,286,51,51-b,51,pun,1,flower,valentine's,1
1208,221,221,51-b,51,nonpun,0,flower,weeds,1
1209,287,52,52-b,52,pun,1,fair,driver,1
1210,222,222,52-b,52,nonpun,0,fair,game,1
1211,287,52,52-b,52,pun,1,fair,insisted,1
1212,222,222,52-b,52,nonpun,0,fair,not,1
1213,392,157,52-b,52,nonpun,1,fair,paid,1
1214,222,222,52-b,52,nonpun,0,fair,rules,1
1215,287,52,52-b,52,pun,1,fair,toll,1
1216,287,52,52-b,52,pun,1,fair,wasn't,1
1217,52,52,52-a,52,pun,0,fare,driver,1
1218,457,222,52-a,52,nonpun,1,fare,game,1
1219,52,52,52-a,52,pun,0,fare,insisted,1
1220,457,222,52-a,52,nonpun,1,fare,not,1
1221,157,157,52-a,52,nonpun,0,fare,paid,1
1222,457,222,52-a,52,nonpun,1,fare,rules,1
1223,52,52,52-a,52,pun,0,fare,toll,1
1224,52,52,52-a,52,pun,0,fare,wasn't,1
1225,393,158,53-b,53,nonpun,1,heal,bruised,1
1226,288,53,53-b,53,pun,1,heal,foot,1
1227,288,53,53-b,53,pun,1,heal,injured,1
1228,223,223,53-b,53,nonpun,0,heal,just,1
1228,288,53,53-b,53,pun,1,heal,just,1
1229,223,223,53-b,53,nonpun,0,heal,takes,1
1230,223,223,53-b,53,nonpun,0,heal,time,1
1231,393,158,53-b,53,nonpun,1,heal,walking,1
1232,223,223,53-b,53,nonpun,0,heal,wounds,1
1233,158,158,53-a,53,nonpun,0,heel,bruised,1
1234,53,53,53-a,53,pun,0,heel,foot,1
1235,53,53,53-a,53,pun,0,heel,injured,1
1236,53,53,53-a,53,pun,0,heel,just,1
1236,458,223,53-a,53,nonpun,1,heel,just,1
1237,458,223,53-a,53,nonpun,1,heel,takes,1
1238,458,223,53-a,53,nonpun,1,heel,time,1
1239,158,158,53-a,53,nonpun,0,heel,walking,1
1240,458,223,53-a,53,nonpun,1,heel,wounds,1
1241,224,224,54-b,54,nonpun,0,him,back,1
1242,394,159,54-b,54,nonpun,1,him,church,1
1243,224,224,54-b,54,nonpun,0,him,john,1
1244,224,224,54-b,54,nonpun,0,him,like,1
1245,224,224,54-b,54,nonpun,0,him,likes,1
1246,289,54,54-b,54,pun,1,him,perform,1
1247,289,54,54-b,54,pun,1,him,priest,1
1248,394,159,54-b,54,nonpun,1,him,sang,1
1249,224,224,54-b,54,nonpun,0,him,sarah,1
1250,289,54,54-b,54,pun,1,him,song,1
1251,289,54,54-b,54,pun,1,him,wrote,1
1252,459,224,54-a,54,nonpun,1,hymn,back,1
1253,159,159,54-a,54,nonpun,0,hymn,church,1
1254,459,224,54-a,54,nonpun,1,hymn,john,1
1255,459,224,54-a,54,nonpun,1,hymn,like,1
1256,459,224,54-a,54,nonpun,1,hymn,likes,1
1257,54,54,54-a,54,pun,0,hymn,perform,1
1258,54,54,54-a,54,pun,0,hymn,priest,1
1259,159,159,54-a,54,nonpun,0,hymn,sang,1
1260,459,224,54-a,54,nonpun,1,hymn,sarah,1
1261,54,54,54-a,54,pun,0,hymn,song,1
1262,54,54,54-a,54,pun,0,hymn,wrote,1
1263,225,225,55-b,55,nonpun,0,knows,almost,1
1264,395,160,55-b,55,nonpun,1,knows,answered,1
1265,290,55,55-b,55,pun,1,knows,best,1
1266,225,225,55-b,55,nonpun,0,knows,dictionary,1
1267,290,55,55-b,55,pun,1,knows,mother,1
1268,395,160,55-b,55,nonpun,1,knows,string,1
1269,225,225,55-b,55,nonpun,0,knows,word,1
1270,460,225,55-a,55,nonpun,1,no's,almost,1
1271,160,160,55-a,55,nonpun,0,no's,answered,1
1272,55,55,55-a,55,pun,0,no's,best,1
1273,460,225,55-a,55,nonpun,1,no's,dictionary,1
1274,55,55,55-a,55,pun,0,no's,mother,1
1275,160,160,55-a,55,nonpun,0,no's,string,1
1276,460,225,55-a,55,nonpun,1,no's,word,1
1277,226,226,56-b,56,nonpun,0,in,close,1
1278,226,226,56-b,56,nonpun,0,in,come,1
1279,226,226,56-b,56,nonpun,0,in,door,1
1280,291,56,56-b,56,pun,1,in,hotel,1
1281,291,56,56-b,56,pun,1,in,made,1
1282,226,226,56-b,56,nonpun,0,in,room,1
1283,291,56,56-b,56,pun,1,in,sleep,1
1284,291,56,56-b,56,pun,1,in,stayed,1
1284,396,161,56-b,56,nonpun,1,in,stayed,1
1285,291,56,56-b,56,pun,1,in,sure,1
1286,461,226,56-a,56,nonpun,1,inn,close,1
1287,461,226,56-a,56,nonpun,1,inn,come,1
1288,461,226,56-a,56,nonpun,1,inn,door,1
1289,56,56,56-a,56,pun,0,inn,hotel,1
1290,56,56,56-a,56,pun,0,inn,made,1
1291,461,226,56-a,56,nonpun,1,inn,room,1
1292,56,56,56-a,56,pun,0,inn,sleep,1
1293,56,56,56-a,56,pun,0,inn,stayed,1
1293,161,161,56-a,56,nonpun,0,inn,stayed,1
1294,56,56,56-a,56,pun,0,inn,sure,1
1295,292,57,57-b,57,pun,1,idle,celebrity,1
1296,227,227,57-b,57,nonpun,0,idle,doing,1
1297,397,162,57-b,57,nonpun,1,idle,famous,1
1298,227,227,57-b,57,nonpun,0,idle,just,1
1299,292,57,57-b,57,pun,1,idle,looking,1
1300,397,162,57-b,57,nonpun,1,idle,movie,1
1301,292,57,57-b,57,pun,1,idle,realized,1
1302,227,227,57-b,57,nonpun,0,idle,sitting,1
1303,292,57,57-b,57,pun,1,idle,spent,1
1304,397,162,57-b,57,nonpun,1,idle,star,1
1305,292,57,57-b,57,pun,1,idle,time,1
1306,292,57,57-b,57,pun,1,idle,want,1
1307,57,57,57-a,57,pun,0,idol,celebrity,1
1308,462,227,57-a,57,nonpun,1,idol,doing,1
1309,162,162,57-a,57,nonpun,0,idol,famous,1
1310,462,227,57-a,57,nonpun,1,idol,just,1
1311,57,57,57-a,57,pun,0,idol,looking,1
1312,162,162,57-a,57,nonpun,0,idol,movie,1
1313,57,57,57-a,57,pun,0,idol,realized,1
1314,462,227,57-a,57,nonpun,1,idol,sitting,1
1315,57,57,57-a,57,pun,0,idol,spent,1
1316,162,162,57-a,57,nonpun,0,idol,star,1
1317,57,57,57-a,57,pun,0,idol,time,1
1318,57,57,57-a,57,pun,0,idol,want,1
1319,228,228,58-b,58,nonpun,0,made,cake,1
1320,293,58,58-b,58,pun,1,made,clean,1
1320,398,163,58-b,58,nonpun,1,made,clean,1
1321,398,163,58-b,58,nonpun,1,made,hired,1
1322,293,58,58-b,58,pun,1,made,up,1
1323,293,58,58-b,58,pun,1,made,want,1
1324,463,228,58-a,58,nonpun,1,maid,cake,1
1325,58,58,58-a,58,pun,0,maid,clean,1
1325,163,163,58-a,58,nonpun,0,maid,clean,1
1326,163,163,58-a,58,nonpun,0,maid,hired,1
1327,58,58,58-a,58,pun,0,maid,up,1
1328,58,58,58-a,58,pun,0,maid,want,1
1329,294,59,59-b,59,pun,1,none,cared,1
1330,294,59,59-b,59,pun,1,none,church,1
1331,399,164,59-b,59,nonpun,1,none,kind,1
1332,229,229,59-b,59,nonpun,0,none,made,1
1333,294,59,59-b,59,pun,1,none,new,1
1334,294,59,59-b,59,pun,1,none,opened,1
1335,399,164,59-b,59,nonpun,1,none,pious,1
1336,229,229,59-b,59,nonpun,0,none,sense,1
1337,399,164,59-b,59,nonpun,1,none,very,1
1338,59,59,59-a,59,pun,0,nun,cared,1
1339,59,59,59-a,59,pun,0,nun,church,1
1340,164,164,59-a,59,nonpun,0,nun,kind,1
1341,464,229,59-a,59,nonpun,1,nun,made,1
1342,59,59,59-a,59,pun,0,nun,new,1
1343,59,59,59-a,59,pun,0,nun,opened,1
1344,164,164,59-a,59,nonpun,0,nun,pious,1
1345,464,229,59-a,59,nonpun,1,nun,sense,1
1346,164,164,59-a,59,nonpun,0,nun,very,1
1347,295,60,60-b,60,pun,1,morning,cried,1
1348,400,165,60-b,60,nonpun,1,morning,died,1
1349,400,165,60-b,60,nonpun,1,morning,loved,1
1350,230,230,60-b,60,nonpun,0,morning,shining,1
1351,230,230,60-b,60,nonpun,0,morning,sun,1
1352,230,230,60-b,60,nonpun,0,morning,up,1
1352,295,60,60-b,60,pun,1,morning,up,1
1353,230,230,60-b,60,nonpun,0,morning,woke,1
1353,295,60,60-b,60,pun,1,morning,woke,1
1354,60,60,60-a,60,pun,0,mourning,cried,1
1355,165,165,60-a,60,nonpun,0,mourning,died,1
1356,165,165,60-a,60,nonpun,0,mourning,loved,1
1357,465,230,60-a,60,nonpun,1,mourning,shining,1
1358,465,230,60-a,60,nonpun,1,mourning,sun,1
1359,60,60,60-a,60,pun,0,mourning,up,1
1359,465,230,60-a,60,nonpun,1,mourning,up,1
1360,60,60,60-a,60,pun,0,mourning,woke,1
1360,465,230,60-a,60,nonpun,1,mourning,woke,1
1361,466,231,61-a,61,nonpun,1,meat,able,1
1362,61,61,61-a,61,pun,0,meat,butcher,1
1363,466,231,61-a,61,nonpun,1,meat,finally,1
1364,61,61,61-a,61,pun,0,meat,glad,1
1365,166,166,61-a,61,nonpun,0,meat,like,1
1366,466,231,61-a,61,nonpun,1,meat,pals,1
1367,466,231,61-a,61,nonpun,1,meat,pen,1
1368,166,166,61-a,61,nonpun,0,meat,vegetarians,1
1369,61,61,61-a,61,pun,0,meat,very,1
1370,231,231,61-b,61,nonpun,0,meet,able,1
1371,296,61,61-b,61,pun,1,meet,butcher,1
1372,231,231,61-b,61,nonpun,0,meet,finally,1
1373,296,61,61-b,61,pun,1,meet,glad,1
1374,401,166,61-b,61,nonpun,1,meet,like,1
1375,231,231,61-b,61,nonpun,0,meet,pals,1
1376,231,231,61-b,61,nonpun,0,meet,pen,1
1377,401,166,61-b,61,nonpun,1,meet,vegetarians,1
1378,296,61,61-b,61,pun,1,meet,very,1
1379,297,62,62-b,62,pun,1,real,believe,1
1380,297,62,62-b,62,pun,1,real,caught,1
1381,232,232,62-b,62,nonpun,0,real,counterfeit,1
1382,232,232,62-b,62,nonpun,0,real,diamond,1
1383,402,167,62-b,62,nonpun,1,real,fish,1
1384,297,62,62-b,62,pun,1,real,fisherman,1
1385,232,232,62-b,62,nonpun,0,real,good,1
1386,232,232,62-b,62,nonpun,0,real,just,1
1387,402,167,62-b,62,nonpun,1,real,need,1
1388,232,232,62-b,62,nonpun,0,real,not,1
1389,297,62,62-b,62,pun,1,real,think,1
1390,232,232,62-b,62,nonpun,0,real,very,1
1391,62,62,62-a,62,pun,0,reel,believe,1
1392,62,62,62-a,62,pun,0,reel,caught,1
1393,467,232,62-a,62,nonpun,1,reel,counterfeit,1
1394,467,232,62-a,62,nonpun,1,reel,diamond,1
1395,167,167,62-a,62,nonpun,0,reel,fish,1
1396,62,62,62-a,62,pun,0,reel,fisherman,1
1397,467,232,62-a,62,nonpun,1,reel,good,1
1398,467,232,62-a,62,nonpun,1,reel,just,1
1399,167,167,62-a,62,nonpun,0,reel,need,1
1400,467,232,62-a,62,nonpun,1,reel,not,1
1401,62,62,62-a,62,pun,0,reel,think,1
1402,467,232,62-a,62,nonpun,1,reel,very,1
1403,403,168,63-b,63,nonpun,1,pair,apples,1
1404,403,168,63-b,63,nonpun,1,pair,ate,1
1405,298,63,63-b,63,pun,1,pair,brave,1
1406,298,63,63-b,63,pun,1,pair,enough,1
1407,298,63,63-b,63,pun,1,pair,farmer,1
1408,298,63,63-b,63,pun,1,pair,fruit,1
1409,298,63,63-b,63,pun,1,pair,grow,1
1410,233,233,63-b,63,nonpun,0,pair,matching,1
1411,233,233,63-b,63,nonpun,0,pair,socks,1
1412,168,168,63-a,63,nonpun,0,pear,apples,1
1413,168,168,63-a,63,nonpun,0,pear,ate,1
1414,63,63,63-a,63,pun,0,pear,brave,1
1415,63,63,63-a,63,pun,0,pear,enough,1
1416,63,63,63-a,63,pun,0,pear,farmer,1
1417,63,63,63-a,63,pun,0,pear,fruit,1
1418,63,63,63-a,63,pun,0,pear,grow,1
1419,468,233,63-a,63,nonpun,1,pear,matching,1
1420,468,233,63-a,63,nonpun,1,pear,socks,1
1421,169,169,64-a,64,nonpun,0,pray,bed,1
1422,64,64,64-a,64,pun,0,pray,birds,1
1422,64,64,64-a,64,pun,0,pray,birds,1
1423,169,169,64-a,64,nonpun,0,pray,christians,1
1424,169,169,64-a,64,nonpun,0,pray,customary,1
1425,469,234,64-a,64,nonpun,1,pray,eagle's,1
1426,469,234,64-a,64,nonpun,1,pray,easily,1
1427,469,234,64-a,64,nonpun,1,pray,mouse,1
1428,64,64,64-a,64,pun,0,pray,parish,1
1429,404,169,64-b,64,nonpun,1,prey,bed,1
1430,299,64,64-b,64,pun,1,prey,birds,1
1430,299,64,64-b,64,pun,1,prey,birds,1
1431,404,169,64-b,64,nonpun,1,prey,christians,1
1432,404,169,64-b,64,nonpun,1,prey,customary,1
1433,234,234,64-b,64,nonpun,0,prey,eagle's,1
1434,234,234,64-b,64,nonpun,0,prey,easily,1
1435,234,234,64-b,64,nonpun,0,prey,mouse,1
1436,299,64,64-b,64,pun,1,prey,parish,1
1437,65,65,65-a,65,pun,0,root,better,1
1438,65,65,65-a,65,pun,0,root,different,1
1439,65,65,65-a,65,pun,0,root,farm,1
1440,470,235,65-a,65,nonpun,1,root,faster,1
1441,470,235,65-a,65,nonpun,1,root,home,1
1442,65,65,65-a,65,pun,0,root,make,1
1443,65,65,65-a,65,pun,0,root,take,1
1443,470,235,65-a,65,nonpun,1,root,take,1
1444,65,65,65-a,65,pun,0,root,tree,1
1445,170,170,65-a,65,nonpun,0,root,tree's,1
1446,170,170,65-a,65,nonpun,0,root,tripped,1
1447,65,65,65-a,65,pun,0,root,want,1
1448,65,65,65-a,65,pun,0,root,way,1
1448,470,235,65-a,65,nonpun,1,root,way,1
1449,300,65,65-b,65,pun,1,route,better,1
1450,300,65,65-b,65,pun,1,route,different,1
1451,300,65,65-b,65,pun,1,route,farm,1
1452,235,235,65-b,65,nonpun,0,route,faster,1
1453,235,235,65-b,65,nonpun,0,route,home,1
1454,300,65,65-b,65,pun,1,route,make,1
1455,235,235,65-b,65,nonpun,0,route,take,1
1455,300,65,65-b,65,pun,1,route,take,1
1456,300,65,65-b,65,pun,1,route,tree,1
1457,405,170,65-b,65,nonpun,1,route,tree's,1
1458,405,170,65-b,65,nonpun,1,route,tripped,1
1459,300,65,65-b,65,pun,1,route,want,1
1460,235,235,65-b,65,nonpun,0,route,way,1
1460,300,65,65-b,65,pun,1,route,way,1