uniqueID,sentenceID,homophoneID,phoneticID,sentenceType,isOrig,homophone,word,dummy
1,1,1-a,1,pun,0,prophet,atheism,1
1,1,1-a,1,pun,0,prophet,non,1
1,1,1-a,1,pun,0,prophet,organization,1
2,2,2-a,2,pun,0,pi,get,1
2,2,2-a,2,pun,0,pi,large,1
2,2,2-a,2,pun,0,pi,circumference,1
3,3,3-a,3,pun,0,knead,bakers,1
3,3,3-a,3,pun,0,knead,trade,1
3,3,3-a,3,pun,0,knead,bread,1
3,3,3-a,3,pun,0,knead,recipes,1
3,3,3-a,3,pun,0,knead,know,1
3,3,3-a,3,pun,0,knead,basis,1
4,4,4-a,4,pun,0,oar,indecisive,1
4,4,4-a,4,pun,0,oar,rower,1
4,4,4-a,4,pun,0,oar,not,1
4,4,4-a,4,pun,0,oar,choose,1
4,4,4-a,4,pun,0,oar,either,1
5,5,5-a,5,pun,0,tiers,emotional,1
5,5,5-a,5,pun,0,tiers,wedding,1
5,5,5-a,5,pun,0,tiers,even,1
5,5,5-a,5,pun,0,tiers,cake,1
6,6,6-a,6,pun,0,poll,new,1
6,6,6-a,6,pun,0,poll,country,1
6,6,6-a,6,pun,0,poll,decided,1
6,6,6-a,6,pun,0,poll,conduct,1
6,6,6-a,6,pun,0,poll,flag,1
7,7,7-a,7,pun,0,bored,executive,1
7,7,7-a,7,pun,0,bored,meetings,1
7,7,7-a,7,pun,0,bored,chairman,1
8,8,8-a,8,pun,0,greece,know,1
8,8,8-a,8,pun,0,greece,donuts,1
8,8,8-a,8,pun,0,greece,made,1
9,9,9-a,9,pun,0,sine,prayed,1
9,9,9-a,9,pun,0,sine,trigonometry,1
9,9,9-a,9,pun,0,sine,tests,1
9,9,9-a,9,pun,0,sine,hoping,1
9,9,9-a,9,pun,0,sine,above,1
10,10,10-a,10,pun,0,principal,not,1
10,10,10-a,10,pun,0,principal,school,1
10,10,10-a,10,pun,0,principal,john,1
10,10,10-a,10,pun,0,principal,disliked,1
10,10,10-a,10,pun,0,principal,just,1
11,11,11-a,11,pun,0,cd,music,1
11,11,11-a,11,pun,0,cd,stores,1
11,11,11-a,11,pun,0,cd,part,1
11,11,11-a,11,pun,0,cd,town,1
12,12,12-a,12,pun,0,hare,magician,1
12,12,12-a,12,pun,0,hare,got,1
12,12,12-a,12,pun,0,hare,mad,1
12,12,12-a,12,pun,0,hare,pulled,1
12,12,12-a,12,pun,0,hare,out,1
13,13,13-a,13,pun,0,knotty,young,1
13,13,13-a,13,pun,0,knotty,pine,1
13,13,13-a,13,pun,0,knotty,sapling,1
13,13,13-a,13,pun,0,knotty,admonished,1
13,13,13-a,13,pun,0,knotty,father,1
13,13,13-a,13,pun,0,knotty,apparently,1
14,14,14-a,14,pun,0,taut,learn,1
14,14,14-a,14,pun,0,taut,rope,1
14,14,14-a,14,pun,0,taut,tricks,1
15,15,15-a,15,pun,0,marx,dropped,1
15,15,15-a,15,pun,0,marx,out,1
15,15,15-a,15,pun,0,marx,communism,1
15,15,15-a,15,pun,0,marx,class,1
15,15,15-a,15,pun,0,marx,lousy,1
16,16,16-a,16,pun,0,hi,boy,1
16,16,16-a,16,pun,0,hi,instinctively,1
16,16,16-a,16,pun,0,hi,waves,1
16,16,16-a,16,pun,0,hi,people,1
16,16,16-a,16,pun,0,hi,natural,1
17,17,17-a,17,pun,0,daze,teacher,1
17,17,17-a,17,pun,0,daze,having,1
17,17,17-a,17,pun,0,daze,tough,1
17,17,17-a,17,pun,0,daze,time,1
17,17,17-a,17,pun,0,daze,longs,1
17,17,17-a,17,pun,0,daze,end,1
17,17,17-a,17,pun,0,daze,school,1
18,18,18-a,18,pun,0,prose,authors,1
18,18,18-a,18,pun,0,prose,jail,1
18,18,18-a,18,pun,0,prose,cons,1
19,19,19-a,19,pun,0,plane,not,1
19,19,19-a,19,pun,0,plane,expect,1
19,19,19-a,19,pun,0,plane,eat,1
19,19,19-a,19,pun,0,plane,fancy,1
19,19,19-a,19,pun,0,plane,flying,1
19,19,19-a,19,pun,0,plane,food,1
20,20,20-a,20,pun,0,dam,saw,1
20,20,20-a,20,pun,0,dam,beaver,1
20,20,20-a,20,pun,0,dam,movie,1
20,20,20-a,20,pun,0,dam,night,1
20,20,20-a,20,pun,0,dam,best,1
20,20,20-a,20,pun,0,dam,movie,1
20,20,20-a,20,pun,0,dam,ever,1
20,20,20-a,20,pun,0,dam,seen,1
21,21,21-a,21,pun,0,hertz,computer,1
21,21,21-a,21,pun,0,hertz,slow,1
22,22,22-a,22,pun,0,role,actors,1
22,22,22-a,22,pun,0,role,great,1
22,22,22-a,22,pun,0,role,movie,1
23,23,23-a,23,pun,0,collar,man,1
23,23,23-a,23,pun,0,collar,put,1
23,23,23-a,23,pun,0,collar,name,1
23,23,23-a,23,pun,0,collar,neck,1
23,23,23-a,23,pun,0,collar,shirt,1
23,23,23-a,23,pun,0,collar,id,1
24,24,24-a,24,pun,0,steal,thieves,1
24,24,24-a,24,pun,0,steal,muscles,1
25,25,25-a,25,pun,0,dye,actress,1
25,25,25-a,25,pun,0,dye,saw,1
25,25,25-a,25,pun,0,dye,strands,1
25,25,25-a,25,pun,0,dye,gray,1
25,25,25-a,25,pun,0,dye,hair,1
25,25,25-a,25,pun,0,dye,thought,1
26,26,26-a,26,pun,0,waist,cardboard,1
26,26,26-a,26,pun,0,waist,belt,1
26,26,26-a,26,pun,0,waist,paper,1
27,27,27-a,27,pun,0,feet,being,1
27,27,27-a,27,pun,0,feet,able,1
27,27,27-a,27,pun,0,feet,fit,1
27,27,27-a,27,pun,0,feet,size,1
27,27,27-a,27,pun,0,feet,fourteen,1
27,27,27-a,27,pun,0,feet,shoes,1
27,27,27-a,27,pun,0,feet,quite,1
28,28,28-a,28,pun,0,aloud,mime,1
28,28,28-a,28,pun,0,aloud,wanted,1
28,28,28-a,28,pun,0,aloud,say,1
28,28,28-a,28,pun,0,aloud,not,1
29,29,29-a,29,pun,0,pail,those,1
29,29,29-a,29,pun,0,pail,carry,1
29,29,29-a,29,pun,0,pail,buckets,1
29,29,29-a,29,pun,0,pail,start,1
29,29,29-a,29,pun,0,pail,feeling,1
30,30,30-a,30,pun,0,manor,man's,1
30,30,30-a,30,pun,0,manor,home,1
30,30,30-a,30,pun,0,manor,castle,1
30,30,30-a,30,pun,0,manor,speaking,1
31,31,31-a,31,pun,0,cache,online,1
31,31,31-a,31,pun,0,cache,poker,1
31,31,31-a,31,pun,0,cache,tournament,1
31,31,31-a,31,pun,0,cache,ended,1
31,31,31-a,31,pun,0,cache,suddenly,1
31,31,31-a,31,pun,0,cache,computer,1
31,31,31-a,31,pun,0,cache,chips,1
32,32,32-a,32,pun,0,reign,britain,1
32,32,32-a,32,pun,0,reign,wet,1
32,32,32-a,32,pun,0,reign,place,1
32,32,32-a,32,pun,0,reign,queen,1
32,32,32-a,32,pun,0,reign,long,1
33,33,33-a,33,pun,0,thyme,herb,1
33,33,33-a,33,pun,0,thyme,gardeners,1
33,33,33-a,33,pun,0,thyme,work,1
33,33,33-a,33,pun,0,thyme,extra,1
33,33,33-a,33,pun,0,thyme,get,1
34,34,34-a,34,pun,0,pore,say,1
34,34,34-a,34,pun,0,pore,bad,1
34,34,34-a,34,pun,0,pore,skin,1
34,34,34-a,34,pun,0,pore,say,1
34,34,34-a,34,pun,0,pore,excuse,1
35,35,35-a,35,pun,0,gilt,people,1
35,35,35-a,35,pun,0,gilt,like,1
35,35,35-a,35,pun,0,gilt,gold,1
35,35,35-a,35,pun,0,gilt,paint,1
35,35,35-a,35,pun,0,gilt,complex,1
36,36,36-a,36,pun,0,heir,human,1
37,37,37-a,37,pun,0,son,boy,1
37,37,37-a,37,pun,0,son,only,1
37,37,37-a,37,pun,0,son,got,1
37,37,37-a,37,pun,0,son,rest,1
38,38,38-a,38,pun,0,c's,novice,1
38,38,38-a,38,pun,0,c's,pirates,1
38,38,38-a,38,pun,0,c's,make,1
38,38,38-a,38,pun,0,c's,terrible,1
38,38,38-a,38,pun,0,c's,singers,1
38,38,38-a,38,pun,0,c's,cannot,1
38,38,38-a,38,pun,0,c's,hit,1
38,38,38-a,38,pun,0,c's,high,1
39,39,39-a,39,pun,0,watt,electrician,1
39,39,39-a,39,pun,0,watt,bright,1
39,39,39-a,39,pun,0,watt,spark,1
39,39,39-a,39,pun,0,watt,knows,1
39,39,39-a,39,pun,0,watt,what's,1
40,40,40-a,40,pun,0,razor,mayor,1
40,40,40-a,40,pun,0,razor,wanted,1
40,40,40-a,40,pun,0,razor,slash,1
40,40,40-a,40,pun,0,razor,budget,1
40,40,40-a,40,pun,0,razor,turned,1
40,40,40-a,40,pun,0,razor,fund,1
41,41,41-a,41,pun,0,knot,boyscouts,1
41,41,41-a,41,pun,0,knot,know,1
41,41,41-a,41,pun,0,knot,ropes,1
41,41,41-a,41,pun,0,knot,tie,1
42,42,42-a,42,pun,0,wood,ask,1
42,42,42-a,42,pun,0,wood,trees,1
42,42,42-a,42,pun,0,wood,ask,1
43,43,43-a,43,pun,0,grader,person,1
43,43,43-a,43,pun,0,grader,colby,1
43,43,43-a,43,pun,0,grader,jack,1
43,43,43-a,43,pun,0,grader,cheddar,1
43,43,43-a,43,pun,0,grader,jr,1
43,43,43-a,43,pun,0,grader,afraid,1
43,43,43-a,43,pun,0,grader,school,1
43,43,43-a,43,pun,0,grader,cheese,1
44,44,44-a,44,pun,0,eye,blind,1
44,44,44-a,44,pun,0,eye,see,1
45,45,45-a,45,pun,0,cell,know,1
45,45,45-a,45,pun,0,cell,whether,1
45,45,45-a,45,pun,0,cell,keep,1
45,45,45-a,45,pun,0,cell,biology,1
45,45,45-a,45,pun,0,cell,program,1
46,46,46-a,46,pun,0,scent,cost,1
46,46,46-a,46,pun,0,scent,get,1
46,46,46-a,46,pun,0,scent,rid,1
46,46,46-a,46,pun,0,scent,smell,1
47,47,47-a,47,pun,0,course,tried,1
47,47,47-a,47,pun,0,course,stick,1
47,47,47-a,47,pun,0,course,rough,1
47,47,47-a,47,pun,0,course,class,1
47,47,47-a,47,pun,0,course,just,1
47,47,47-a,47,pun,0,course,liking,1
48,48,48-a,48,pun,0,deer,pet,1
48,48,48-a,48,pun,0,deer,very,1
49,49,49-a,49,pun,0,bee,want,1
49,49,49-a,49,pun,0,bee,hive,1
49,49,49-a,49,pun,0,bee,long,1
50,50,50-a,50,pun,0,brake,run,1
50,50,50-a,50,pun,0,brake,really,1
50,50,50-a,50,pun,0,brake,fast,1
50,50,50-a,50,pun,0,brake,careful,1
50,50,50-a,50,pun,0,brake,not,1
51,51,51-a,51,pun,0,flour,pastry,1
51,51,51-a,51,pun,0,flour,chef,1
51,51,51-a,51,pun,0,flour,brought,1
51,51,51-a,51,pun,0,flour,girlfriend,1
51,51,51-a,51,pun,0,flour,valentine's,1
51,51,51-a,51,pun,0,flour,day,1
52,52,52-a,52,pun,0,fare,driver,1
52,52,52-a,52,pun,0,fare,toll,1
52,52,52-a,52,pun,0,fare,insisted,1
52,52,52-a,52,pun,0,fare,wasn't,1
53,53,53-a,53,pun,0,heel,injured,1
53,53,53-a,53,pun,0,heel,foot,1
53,53,53-a,53,pun,0,heel,just,1
54,54,54-a,54,pun,0,hymn,wrote,1
54,54,54-a,54,pun,0,hymn,song,1
54,54,54-a,54,pun,0,hymn,priest,1
54,54,54-a,54,pun,0,hymn,perform,1
55,55,55-a,55,pun,0,no's,mother,1
55,55,55-a,55,pun,0,no's,best,1
56,56,56-a,56,pun,0,inn,stayed,1
56,56,56-a,56,pun,0,inn,hotel,1
56,56,56-a,56,pun,0,inn,made,1
56,56,56-a,56,pun,0,inn,sure,1
56,56,56-a,56,pun,0,inn,sleep,1
57,57,57-a,57,pun,0,idol,spent,1
57,57,57-a,57,pun,0,idol,time,1
57,57,57-a,57,pun,0,idol,looking,1
57,57,57-a,57,pun,0,idol,celebrity,1
57,57,57-a,57,pun,0,idol,realized,1
57,57,57-a,57,pun,0,idol,want,1
58,58,58-a,58,pun,0,maid,want,1
58,58,58-a,58,pun,0,maid,clean,1
58,58,58-a,58,pun,0,maid,up,1
59,59,59-a,59,pun,0,nun,new,1
59,59,59-a,59,pun,0,nun,church,1
59,59,59-a,59,pun,0,nun,opened,1
59,59,59-a,59,pun,0,nun,cared,1
60,60,60-a,60,pun,0,mourning,cried,1
60,60,60-a,60,pun,0,mourning,woke,1
60,60,60-a,60,pun,0,mourning,up,1
61,61,61-a,61,pun,0,meat,butcher,1
61,61,61-a,61,pun,0,meat,very,1
61,61,61-a,61,pun,0,meat,glad,1
62,62,62-a,62,pun,0,reel,fisherman,1
62,62,62-a,62,pun,0,reel,believe,1
62,62,62-a,62,pun,0,reel,caught,1
62,62,62-a,62,pun,0,reel,think,1
63,63,63-a,63,pun,0,pear,brave,1
63,63,63-a,63,pun,0,pear,enough,1
63,63,63-a,63,pun,0,pear,fruit,1
63,63,63-a,63,pun,0,pear,farmer,1
63,63,63-a,63,pun,0,pear,grow,1
64,64,64-a,64,pun,0,pray,birds,1
64,64,64-a,64,pun,0,pray,parish,1
64,64,64-a,64,pun,0,pray,birds,1
65,65,65-a,65,pun,0,root,want,1
65,65,65-a,65,pun,0,root,make,1
65,65,65-a,65,pun,0,root,way,1
65,65,65-a,65,pun,0,root,tree,1
65,65,65-a,65,pun,0,root,farm,1
65,65,65-a,65,pun,0,root,better,1
65,65,65-a,65,pun,0,root,take,1
65,65,65-a,65,pun,0,root,different,1
66,66,1-a,1,depunned,0,prophet,nationalism,1
66,66,1-a,1,depunned,0,prophet,non,1
66,66,1-a,1,depunned,0,prophet,organization,1
67,67,2-a,2,depunned,0,pi,get,1
67,67,2-a,2,depunned,0,pi,large,1
67,67,2-a,2,depunned,0,pi,waistline,1
68,68,3-a,3,depunned,0,knead,mothers,1
68,68,3-a,3,depunned,0,knead,trade,1
68,68,3-a,3,depunned,0,knead,cake,1
68,68,3-a,3,depunned,0,knead,recipes,1
68,68,3-a,3,depunned,0,knead,know,1
68,68,3-a,3,depunned,0,knead,basis,1
69,69,4-a,4,depunned,0,oar,indecisive,1
69,69,4-a,4,depunned,0,oar,customer,1
69,69,4-a,4,depunned,0,oar,not,1
69,69,4-a,4,depunned,0,oar,choose,1
69,69,4-a,4,depunned,0,oar,either,1
70,70,5-a,5,depunned,0,tiers,emotional,1
70,70,5-a,5,depunned,0,tiers,wedding,1
70,70,5-a,5,depunned,0,tiers,even,1
70,70,5-a,5,depunned,0,tiers,mother-in-law,1
71,71,6-a,6,depunned,0,poll,new,1
71,71,6-a,6,depunned,0,poll,country,1
71,71,6-a,6,depunned,0,poll,decided,1
71,71,6-a,6,depunned,0,poll,conduct,1
71,71,6-a,6,depunned,0,poll,gallup,1
72,72,7-a,7,depunned,0,bored,executive,1
72,72,7-a,7,depunned,0,bored,galas,1
72,72,7-a,7,depunned,0,bored,chairman,1
73,73,8-a,8,depunned,0,greece,know,1
73,73,8-a,8,depunned,0,greece,dolmas,1
73,73,8-a,8,depunned,0,greece,made,1
74,74,9-a,9,depunned,0,sine,prayed,1
74,74,9-a,9,depunned,0,sine,biology,1
74,74,9-a,9,depunned,0,sine,tests,1
74,74,9-a,9,depunned,0,sine,hoping,1
74,74,9-a,9,depunned,0,sine,above,1
75,75,10-a,10,depunned,0,principal,not,1
75,75,10-a,10,depunned,0,principal,church,1
75,75,10-a,10,depunned,0,principal,john,1
75,75,10-a,10,depunned,0,principal,disliked,1
75,75,10-a,10,depunned,0,principal,just,1
76,76,11-a,11,depunned,0,cd,grocery,1
76,76,11-a,11,depunned,0,cd,stores,1
76,76,11-a,11,depunned,0,cd,part,1
76,76,11-a,11,depunned,0,cd,town,1
77,77,12-a,12,depunned,0,hare,professor,1
77,77,12-a,12,depunned,0,hare,got,1
77,77,12-a,12,depunned,0,hare,mad,1
77,77,12-a,12,depunned,0,hare,pulled,1
77,77,12-a,12,depunned,0,hare,out,1
78,78,13-a,13,depunned,0,knotty,young,1
78,78,13-a,13,depunned,0,knotty,boy,1
78,78,13-a,13,depunned,0,knotty,admonished,1
78,78,13-a,13,depunned,0,knotty,father,1
78,78,13-a,13,depunned,0,knotty,apparently,1
79,79,14-a,14,depunned,0,taut,learn,1
79,79,14-a,14,depunned,0,taut,skateboard,1
79,79,14-a,14,depunned,0,taut,tricks,1
80,80,15-a,15,depunned,0,marx,dropped,1
80,80,15-a,15,depunned,0,marx,out,1
80,80,15-a,15,depunned,0,marx,math,1
80,80,15-a,15,depunned,0,marx,class,1
80,80,15-a,15,depunned,0,marx,lousy,1
81,81,16-a,16,depunned,0,hi,boy,1
81,81,16-a,16,depunned,0,hi,instinctively,1
81,81,16-a,16,depunned,0,hi,takes,1
81,81,16-a,16,depunned,0,hi,risks,1
81,81,16-a,16,depunned,0,hi,natural,1
82,82,17-a,17,depunned,0,daze,teacher,1
82,82,17-a,17,depunned,0,daze,having,1
82,82,17-a,17,depunned,0,daze,tough,1
82,82,17-a,17,depunned,0,daze,time,1
82,82,17-a,17,depunned,0,daze,longs,1
82,82,17-a,17,depunned,0,daze,end,1
82,82,17-a,17,depunned,0,daze,school,1
83,83,18-a,18,depunned,0,prose,bankers,1
83,83,18-a,18,depunned,0,prose,jail,1
83,83,18-a,18,depunned,0,prose,cons,1
84,84,19-a,19,depunned,0,plane,not,1
84,84,19-a,19,depunned,0,plane,expect,1
84,84,19-a,19,depunned,0,plane,eat,1
84,84,19-a,19,depunned,0,plane,fancy,1
84,84,19-a,19,depunned,0,plane,driving,1
84,84,19-a,19,depunned,0,plane,food,1
85,85,20-a,20,depunned,0,dam,saw,1
85,85,20-a,20,depunned,0,dam,horror,1
85,85,20-a,20,depunned,0,dam,movie,1
85,85,20-a,20,depunned,0,dam,night,1
85,85,20-a,20,depunned,0,dam,best,1
85,85,20-a,20,depunned,0,dam,movie,1
85,85,20-a,20,depunned,0,dam,ever,1
85,85,20-a,20,depunned,0,dam,seen,1
86,86,21-a,21,depunned,0,hertz,horse,1
86,86,21-a,21,depunned,0,hertz,slow,1
87,87,22-a,22,depunned,0,role,directors,1
87,87,22-a,22,depunned,0,role,great,1
87,87,22-a,22,depunned,0,role,movie,1
88,88,23-a,23,depunned,0,collar,man,1
88,88,23-a,23,depunned,0,collar,put,1
88,88,23-a,23,depunned,0,collar,name,1
88,88,23-a,23,depunned,0,collar,pocket,1
88,88,23-a,23,depunned,0,collar,shirt,1
88,88,23-a,23,depunned,0,collar,id,1
89,89,24-a,24,depunned,0,steal,bodybuilders,1
89,89,24-a,24,depunned,0,steal,muscles,1
90,90,25-a,25,depunned,0,dye,actress,1
90,90,25-a,25,depunned,0,dye,saw,1
90,90,25-a,25,depunned,0,dye,wrinkle,1
90,90,25-a,25,depunned,0,dye,thought,1
91,91,26-a,26,depunned,0,waist,cardboard,1
91,91,26-a,26,depunned,0,waist,fort,1
91,91,26-a,26,depunned,0,waist,paper,1
92,92,27-a,27,depunned,0,feet,being,1
92,92,27-a,27,depunned,0,feet,able,1
92,92,27-a,27,depunned,0,feet,fit,1
92,92,27-a,27,depunned,0,feet,size,1
92,92,27-a,27,depunned,0,feet,fourteen,1
92,92,27-a,27,depunned,0,feet,pants,1
92,92,27-a,27,depunned,0,feet,quite,1
93,93,28-a,28,depunned,0,aloud,intern,1
93,93,28-a,28,depunned,0,aloud,wanted,1
93,93,28-a,28,depunned,0,aloud,say,1
93,93,28-a,28,depunned,0,aloud,not,1
94,94,29-a,29,depunned,0,pail,those,1
94,94,29-a,29,depunned,0,pail,carry,1
94,94,29-a,29,depunned,0,pail,burdens,1
94,94,29-a,29,depunned,0,pail,start,1
94,94,29-a,29,depunned,0,pail,feeling,1
95,95,30-a,30,depunned,0,manor,man's,1
95,95,30-a,30,depunned,0,manor,family,1
95,95,30-a,30,depunned,0,manor,anchor,1
95,95,30-a,30,depunned,0,manor,manor,1
95,95,30-a,30,depunned,0,manor,speaking,1
96,96,31-a,31,depunned,0,cache,online,1
96,96,31-a,31,depunned,0,cache,poker,1
96,96,31-a,31,depunned,0,cache,tournament,1
96,96,31-a,31,depunned,0,cache,ended,1
96,96,31-a,31,depunned,0,cache,suddenly,1
96,96,31-a,31,depunned,0,cache,competitor,1
96,96,31-a,31,depunned,0,cache,chips,1
97,97,32-a,32,depunned,0,reign,britain,1
97,97,32-a,32,depunned,0,reign,wet,1
97,97,32-a,32,depunned,0,reign,place,1
97,97,32-a,32,depunned,0,reign,autumn,1
97,97,32-a,32,depunned,0,reign,long,1
98,98,33-a,33,depunned,0,thyme,tomato,1
98,98,33-a,33,depunned,0,thyme,gardeners,1
98,98,33-a,33,depunned,0,thyme,work,1
98,98,33-a,33,depunned,0,thyme,extra,1
98,98,33-a,33,depunned,0,thyme,get,1
99,99,34-a,34,depunned,0,pore,say,1
99,99,34-a,34,depunned,0,pore,bad,1
99,99,34-a,34,depunned,0,pore,teeth,1
99,99,34-a,34,depunned,0,pore,say,1
99,99,34-a,34,depunned,0,pore,excuse,1
100,100,35-a,35,depunned,0,gilt,people,1
100,100,35-a,35,depunned,0,gilt,like,1
100,100,35-a,35,depunned,0,gilt,purple,1
100,100,35-a,35,depunned,0,gilt,paint,1
100,100,35-a,35,depunned,0,gilt,complex,1
101,101,36-a,36,depunned,0,heir,careless,1
102,102,37-a,37,depunned,0,son,parrot,1
102,102,37-a,37,depunned,0,son,only,1
102,102,37-a,37,depunned,0,son,got,1
102,102,37-a,37,depunned,0,son,rest,1
103,103,38-a,38,depunned,0,c's,novice,1
103,103,38-a,38,depunned,0,c's,choristers,1
103,103,38-a,38,depunned,0,c's,make,1
103,103,38-a,38,depunned,0,c's,terrible,1
103,103,38-a,38,depunned,0,c's,singers,1
103,103,38-a,38,depunned,0,c's,cannot,1
103,103,38-a,38,depunned,0,c's,hit,1
103,103,38-a,38,depunned,0,c's,high,1
104,104,39-a,39,depunned,0,watt,optometrist,1
104,104,39-a,39,depunned,0,watt,bright,1
104,104,39-a,39,depunned,0,watt,spark,1
104,104,39-a,39,depunned,0,watt,knows,1
104,104,39-a,39,depunned,0,watt,what's,1
105,105,40-a,40,depunned,0,razor,mayor,1
105,105,40-a,40,depunned,0,razor,wanted,1
105,105,40-a,40,depunned,0,razor,balance,1
105,105,40-a,40,depunned,0,razor,budget,1
105,105,40-a,40,depunned,0,razor,turned,1
105,105,40-a,40,depunned,0,razor,fund,1
106,106,1-a,1,nonpun,0,prophet,daniel,1
106,106,1-a,1,nonpun,0,prophet,biblical,1
106,106,1-a,1,nonpun,0,prophet,known,1
106,106,1-a,1,nonpun,0,prophet,interpreting,1
106,106,1-a,1,nonpun,0,prophet,dreams,1
107,107,2-a,2,nonpun,0,pi,recite,1
107,107,2-a,2,nonpun,0,pi,number,1
107,107,2-a,2,nonpun,0,pi,up,1
107,107,2-a,2,nonpun,0,pi,ten,1
107,107,2-a,2,nonpun,0,pi,decimal,1
107,107,2-a,2,nonpun,0,pi,places,1
108,108,3-a,3,nonpun,0,knead,bakers,1
108,108,3-a,3,nonpun,0,knead,flour,1
108,108,3-a,3,nonpun,0,knead,milk,1
108,108,3-a,3,nonpun,0,knead,together,1
108,108,3-a,3,nonpun,0,knead,make,1
108,108,3-a,3,nonpun,0,knead,bread,1
108,108,3-a,3,nonpun,0,knead,dough,1
109,109,4-a,4,nonpun,0,oar,fisherman,1
109,109,4-a,4,nonpun,0,oar,dipped,1
109,109,4-a,4,nonpun,0,oar,river,1
110,110,5-a,5,nonpun,0,tiers,boxes,1
110,110,5-a,5,nonpun,0,tiers,stacked,1
110,110,5-a,5,nonpun,0,tiers,warehouse,1
111,111,6-a,6,nonpun,0,poll,pollsters,1
111,111,6-a,6,nonpun,0,poll,conducted,1
111,111,6-a,6,nonpun,0,poll,popularity,1
111,111,6-a,6,nonpun,0,poll,political,1
111,111,6-a,6,nonpun,0,poll,candidates,1
112,112,7-a,7,nonpun,0,bored,old,1
112,112,7-a,7,nonpun,0,bored,man,1
112,112,7-a,7,nonpun,0,bored,alone,1
112,112,7-a,7,nonpun,0,bored,time,1
112,112,7-a,7,nonpun,0,bored,tears,1
113,113,8-a,8,nonpun,0,greece,country,1
113,113,8-a,8,nonpun,0,greece,southern,1
113,113,8-a,8,nonpun,0,greece,portion,1
113,113,8-a,8,nonpun,0,greece,europe,1
114,114,9-a,9,nonpun,0,sine,mathematics,1
114,114,9-a,9,nonpun,0,sine,function,1
114,114,9-a,9,nonpun,0,sine,function,1
114,114,9-a,9,nonpun,0,sine,angle,1
115,115,10-a,10,nonpun,0,principal,ms,1
115,115,10-a,10,nonpun,0,principal,wu,1
115,115,10-a,10,nonpun,0,principal,local,1
115,115,10-a,10,nonpun,0,principal,high,1
115,115,10-a,10,nonpun,0,principal,school,1
116,116,11-a,11,nonpun,0,cd,bought,1
116,116,11-a,11,nonpun,0,cd,new,1
116,116,11-a,11,nonpun,0,cd,classical,1
116,116,11-a,11,nonpun,0,cd,music,1
117,117,12-a,12,nonpun,0,hare,ran,1
117,117,12-a,12,nonpun,0,hare,rapidly,1
117,117,12-a,12,nonpun,0,hare,fields,1
118,118,13-a,13,nonpun,0,knotty,cabin,1
118,118,13-a,13,nonpun,0,knotty,made,1
118,118,13-a,13,nonpun,0,knotty,pine,1
119,119,14-a,14,nonpun,0,taut,clothesline,1
119,119,14-a,14,nonpun,0,taut,hangs,1
119,119,14-a,14,nonpun,0,taut,between,1
119,119,14-a,14,nonpun,0,taut,poles,1
120,120,15-a,15,nonpun,0,marx,karl,1
120,120,15-a,15,nonpun,0,marx,german,1
120,120,15-a,15,nonpun,0,marx,philosopher,1
121,121,16-a,16,nonpun,0,hi,waved,1
121,121,16-a,16,nonpun,0,hi,say,1
122,122,17-a,17,nonpun,0,daze,learning,1
122,122,17-a,17,nonpun,0,daze,bad,1
122,122,17-a,17,nonpun,0,daze,news,1
123,123,18-a,18,nonpun,0,prose,novels,1
123,123,18-a,18,nonpun,0,prose,essays,1
123,123,18-a,18,nonpun,0,prose,written,1
124,124,19-a,19,nonpun,0,plane,landed,1
124,124,19-a,19,nonpun,0,plane,airport,1
125,125,20-a,20,nonpun,0,dam,beaver,1
125,125,20-a,20,nonpun,0,dam,building,1
125,125,20-a,20,nonpun,0,dam,logs,1
125,125,20-a,20,nonpun,0,dam,sticks,1
126,126,21-a,21,nonpun,0,hertz,computer,1
126,126,21-a,21,nonpun,0,hertz,processing,1
126,126,21-a,21,nonpun,0,hertz,speed,1
126,126,21-a,21,nonpun,0,hertz,thirty-three,1
126,126,21-a,21,nonpun,0,hertz,mega,1
127,127,22-a,22,nonpun,0,role,plays,1
127,127,22-a,22,nonpun,0,role,leading,1
127,127,22-a,22,nonpun,0,role,television,1
127,127,22-a,22,nonpun,0,role,show,1
128,128,23-a,23,nonpun,0,collar,puts,1
128,128,23-a,23,nonpun,0,collar,dog,1
128,128,23-a,23,nonpun,0,collar,walking,1
129,129,24-a,24,nonpun,0,steal,boy,1
129,129,24-a,24,nonpun,0,steal,wanted,1
129,129,24-a,24,nonpun,0,steal,friend's,1
129,129,24-a,24,nonpun,0,steal,candy,1
129,129,24-a,24,nonpun,0,steal,decided,1
129,129,24-a,24,nonpun,0,steal,not,1
130,130,25-a,25,nonpun,0,dye,people,1
130,130,25-a,25,nonpun,0,dye,not,1
130,130,25-a,25,nonpun,0,dye,like,1
130,130,25-a,25,nonpun,0,dye,hair,1
131,131,26-a,26,nonpun,0,waist,small,1
131,131,26-a,26,nonpun,0,waist,look,1
131,131,26-a,26,nonpun,0,waist,tiny,1
131,131,26-a,26,nonpun,0,waist,belt,1
132,132,27-a,27,nonpun,0,feet,these,1
132,132,27-a,27,nonpun,0,feet,new,1
132,132,27-a,27,nonpun,0,feet,shoes,1
132,132,27-a,27,nonpun,0,feet,hurting,1
133,133,28-a,28,nonpun,0,aloud,student,1
133,133,28-a,28,nonpun,0,aloud,read,1
133,133,28-a,28,nonpun,0,aloud,poem,1
133,133,28-a,28,nonpun,0,aloud,class,1
134,134,29-a,29,nonpun,0,pail,worker,1
134,134,29-a,29,nonpun,0,pail,filled,1
134,134,29-a,29,nonpun,0,pail,water,1
134,134,29-a,29,nonpun,0,pail,clean,1
134,134,29-a,29,nonpun,0,pail,floor,1
135,135,30-a,30,nonpun,0,manor,those,1
135,135,30-a,30,nonpun,0,manor,wealthy,1
135,135,30-a,30,nonpun,0,manor,people,1
135,135,30-a,30,nonpun,0,manor,live,1
135,135,30-a,30,nonpun,0,manor,huge,1
136,136,31-a,31,nonpun,0,cache,copies,1
136,136,31-a,31,nonpun,0,cache,web,1
136,136,31-a,31,nonpun,0,cache,pages,1
136,136,31-a,31,nonpun,0,cache,stored,1
136,136,31-a,31,nonpun,0,cache,database,1
137,137,32-a,32,nonpun,0,reign,king's,1
137,137,32-a,32,nonpun,0,reign,ended,1
137,137,32-a,32,nonpun,0,reign,heir,1
137,137,32-a,32,nonpun,0,reign,took,1
138,138,33-a,33,nonpun,0,thyme,favorite,1
138,138,33-a,33,nonpun,0,thyme,meals,1
138,138,33-a,33,nonpun,0,thyme,chicken,1
138,138,33-a,33,nonpun,0,thyme,creamy,1
138,138,33-a,33,nonpun,0,thyme,sauce,1
138,138,33-a,33,nonpun,0,thyme,flavored,1
139,139,34-a,34,nonpun,0,pore,very,1
139,139,34-a,34,nonpun,0,pore,small,1
139,139,34-a,34,nonpun,0,pore,opening,1
139,139,34-a,34,nonpun,0,pore,surface,1
139,139,34-a,34,nonpun,0,pore,skin,1
140,140,35-a,35,nonpun,0,gilt,covered,1
140,140,35-a,35,nonpun,0,gilt,frame,1
141,141,36-a,36,nonpun,0,heir,prince,1
141,141,36-a,36,nonpun,0,heir,william,1
141,141,36-a,36,nonpun,0,heir,british,1
141,141,36-a,36,nonpun,0,heir,throne,1
142,142,37-a,37,nonpun,0,son,daughter,1
143,143,38-a,38,nonpun,0,c's,hard,1
143,143,38-a,38,nonpun,0,c's,even,1
143,143,38-a,38,nonpun,0,c's,soprano,1
143,143,38-a,38,nonpun,0,c's,sing,1
143,143,38-a,38,nonpun,0,c's,high,1
144,144,39-a,39,nonpun,0,watt,desk,1
144,144,39-a,39,nonpun,0,watt,lamp,1
144,144,39-a,39,nonpun,0,watt,uses,1
144,144,39-a,39,nonpun,0,watt,sixty,1
144,144,39-a,39,nonpun,0,watt,light,1
144,144,39-a,39,nonpun,0,watt,bulb,1
145,145,40-a,40,nonpun,0,razor,used,1
145,145,40-a,40,nonpun,0,razor,shave,1
145,145,40-a,40,nonpun,0,razor,beard,1
146,146,41-a,41,nonpun,0,knot,easy,1
146,146,41-a,41,nonpun,0,knot,tie,1
146,146,41-a,41,nonpun,0,knot,double,1
147,147,42-a,42,nonpun,0,wood,get,1
147,147,42-a,42,nonpun,0,wood,trees,1
148,148,43-a,43,nonpun,0,grader,hired,1
148,148,43-a,43,nonpun,0,grader,score,1
148,148,43-a,43,nonpun,0,grader,tests,1
149,149,44-a,44,nonpun,0,eye,poked,1
150,150,45-a,45,nonpun,0,cell,learned,1
150,150,45-a,45,nonpun,0,cell,works,1
150,150,45-a,45,nonpun,0,cell,biology,1
151,151,46-a,46,nonpun,0,scent,unpleasant,1
152,152,47-a,47,nonpun,0,course,took,1
152,152,47-a,47,nonpun,0,course,school,1
153,153,48-a,48,nonpun,0,deer,forest,1
154,154,49-a,49,nonpun,0,bee,tried,1
154,154,49-a,49,nonpun,0,bee,steal,1
154,154,49-a,49,nonpun,0,bee,honey,1
154,154,49-a,49,nonpun,0,bee,stung,1
154,154,49-a,49,nonpun,0,bee,angry,1
155,155,50-a,50,nonpun,0,brake,cars,1
155,155,50-a,50,nonpun,0,brake,slowly,1
156,156,51-a,51,nonpun,0,flour,use,1
156,156,51-a,51,nonpun,0,flour,different,1
156,156,51-a,51,nonpun,0,flour,kinds,1
156,156,51-a,51,nonpun,0,flour,baking,1
157,157,52-a,52,nonpun,0,fare,paid,1
158,158,53-a,53,nonpun,0,heel,bruised,1
158,158,53-a,53,nonpun,0,heel,walking,1
159,159,54-a,54,nonpun,0,hymn,sang,1
159,159,54-a,54,nonpun,0,hymn,church,1
160,160,55-a,55,nonpun,0,no's,answered,1
160,160,55-a,55,nonpun,0,no's,string,1
161,161,56-a,56,nonpun,0,inn,stayed,1
162,162,57-a,57,nonpun,0,idol,famous,1
162,162,57-a,57,nonpun,0,idol,movie,1
162,162,57-a,57,nonpun,0,idol,star,1
163,163,58-a,58,nonpun,0,maid,hired,1
163,163,58-a,58,nonpun,0,maid,clean,1
164,164,59-a,59,nonpun,0,nun,very,1
164,164,59-a,59,nonpun,0,nun,pious,1
164,164,59-a,59,nonpun,0,nun,kind,1
165,165,60-a,60,nonpun,0,mourning,loved,1
165,165,60-a,60,nonpun,0,mourning,died,1
166,166,61-a,61,nonpun,0,meat,vegetarians,1
166,166,61-a,61,nonpun,0,meat,like,1
167,167,62-a,62,nonpun,0,reel,need,1
167,167,62-a,62,nonpun,0,reel,fish,1
168,168,63-a,63,nonpun,0,pear,ate,1
168,168,63-a,63,nonpun,0,pear,apples,1
169,169,64-a,64,nonpun,0,pray,customary,1
169,169,64-a,64,nonpun,0,pray,christians,1
169,169,64-a,64,nonpun,0,pray,bed,1
170,170,65-a,65,nonpun,0,root,tripped,1
170,170,65-a,65,nonpun,0,root,tree's,1
171,171,1-b,1,nonpun,0,profit,business,1
171,171,1-b,1,nonpun,0,profit,made,1
171,171,1-b,1,nonpun,0,profit,million,1
171,171,1-b,1,nonpun,0,profit,dollars,1
171,171,1-b,1,nonpun,0,profit,year,1
172,172,2-b,2,nonpun,0,pie,like,1
172,172,2-b,2,nonpun,0,pie,apple,1
172,172,2-b,2,nonpun,0,pie,dessert,1
173,173,3-b,3,nonpun,0,need,company,1
173,173,3-b,3,nonpun,0,need,computer,1
173,173,3-b,3,nonpun,0,need,programmers,1
174,174,4-b,4,nonpun,0,or,take,1
174,174,4-b,4,nonpun,0,or,care,1
174,174,4-b,4,nonpun,0,or,car,1
174,174,4-b,4,nonpun,0,or,problems,1
175,175,5-b,5,nonpun,0,tears,ran,1
175,175,5-b,5,nonpun,0,tears,cheeks,1
175,175,5-b,5,nonpun,0,tears,watched,1
175,175,5-b,5,nonpun,0,tears,sad,1
175,175,5-b,5,nonpun,0,tears,movie,1
176,176,6-b,6,nonpun,0,pole,raised,1
176,176,6-b,6,nonpun,0,pole,flag,1
176,176,6-b,6,nonpun,0,pole,up,1
177,177,7-b,7,nonpun,0,board,meeting,1
177,177,7-b,7,nonpun,0,board,company's,1
177,177,7-b,7,nonpun,0,board,directors,1
178,178,8-b,8,nonpun,0,grease,plate,1
179,179,9-b,9,nonpun,0,sign,store,1
179,179,9-b,9,nonpun,0,sign,says,1
179,179,9-b,9,nonpun,0,sign,clothes,1
179,179,9-b,9,nonpun,0,sign,boutique,1
180,180,10-b,10,nonpun,0,principle,believe,1
180,180,10-b,10,nonpun,0,principle,physics,1
181,181,11-b,11,nonpun,0,seedy,bar,1
181,181,11-b,11,nonpun,0,seedy,full,1
181,181,11-b,11,nonpun,0,seedy,drunken,1
181,181,11-b,11,nonpun,0,seedy,unwashed,1
181,181,11-b,11,nonpun,0,seedy,people,1
182,182,12-b,12,nonpun,0,hair,people,1
182,182,12-b,12,nonpun,0,hair,lots,1
182,182,12-b,12,nonpun,0,hair,heads,1
183,183,13-b,13,nonpun,0,naughty,boy,1
183,183,13-b,13,nonpun,0,naughty,child,1
184,184,14-b,14,nonpun,0,taught,mathematics,1
184,184,14-b,14,nonpun,0,taught,college,1
184,184,14-b,14,nonpun,0,taught,students,1
185,185,15-b,15,nonpun,0,marks,got,1
185,185,15-b,15,nonpun,0,marks,high,1
185,185,15-b,15,nonpun,0,marks,high,1
185,185,15-b,15,nonpun,0,marks,school,1
186,186,16-b,16,nonpun,0,high,statue,1
186,186,16-b,16,nonpun,0,high,ten,1
186,186,16-b,16,nonpun,0,high,feet,1
187,187,17-b,17,nonpun,0,days,seven,1
187,187,17-b,17,nonpun,0,days,week,1
188,188,18-b,18,nonpun,0,pros,cons,1
188,188,18-b,18,nonpun,0,pros,social,1
188,188,18-b,18,nonpun,0,pros,networking,1
188,188,18-b,18,nonpun,0,pros,sites,1
189,189,19-b,19,nonpun,0,plain,felt,1
189,189,19-b,19,nonpun,0,plain,beautiful,1
189,189,19-b,19,nonpun,0,plain,sister,1
190,190,20-b,20,nonpun,0,damn,not,1
190,190,20-b,20,nonpun,0,damn,give,1
190,190,20-b,20,nonpun,0,damn,say,1
191,191,21-b,21,nonpun,0,hurts,fell,1
191,191,21-b,21,nonpun,0,hurts,leg,1
192,192,22-b,22,nonpun,0,roll,bought,1
192,192,22-b,22,nonpun,0,roll,silk,1
192,192,22-b,22,nonpun,0,roll,make,1
192,192,22-b,22,nonpun,0,roll,dress,1
193,193,23-b,23,nonpun,0,caller,phone,1
193,193,23-b,23,nonpun,0,caller,bank,1
194,194,24-b,24,nonpun,0,steel,ship,1
194,194,24-b,24,nonpun,0,steel,made,1
194,194,24-b,24,nonpun,0,steel,wood,1
195,195,25-b,25,nonpun,0,die,very,1
195,195,25-b,25,nonpun,0,die,scared,1
195,195,25-b,25,nonpun,0,die,heart,1
195,195,25-b,25,nonpun,0,die,attack,1
196,196,26-b,26,nonpun,0,waste,dealing,1
196,196,26-b,26,nonpun,0,waste,time,1
197,197,27-b,27,nonpun,0,feat,passing,1
197,197,27-b,27,nonpun,0,feat,exam,1
197,197,27-b,27,nonpun,0,feat,studying,1
197,197,27-b,27,nonpun,0,feat,real,1
198,198,28-b,28,nonpun,0,allowed,son,1
198,198,28-b,28,nonpun,0,allowed,use,1
198,198,28-b,28,nonpun,0,allowed,family,1
198,198,28-b,28,nonpun,0,allowed,car,1
199,199,29-b,29,nonpun,0,pale,looks,1
199,199,29-b,29,nonpun,0,pale,sick,1
200,200,30-b,30,nonpun,0,manner,food,1
200,200,30-b,30,nonpun,0,manner,party,1
201,201,31-b,31,nonpun,0,cash,bought,1
201,201,31-b,31,nonpun,0,cash,stocks,1
201,201,31-b,31,nonpun,0,cash,ten,1
201,201,31-b,31,nonpun,0,cash,years,1
201,201,31-b,31,nonpun,0,cash,chips,1
202,202,32-b,32,nonpun,0,rain,fell,1
202,202,32-b,32,nonpun,0,rain,city,1
202,202,32-b,32,nonpun,0,rain,night,1
203,203,33-b,33,nonpun,0,time,lunch,1
203,203,33-b,33,nonpun,0,time,meeting,1
204,204,34-b,34,nonpun,0,poor,family,1
204,204,34-b,34,nonpun,0,poor,cannot,1
204,204,34-b,34,nonpun,0,poor,afford,1
204,204,34-b,34,nonpun,0,poor,buy,1
204,204,34-b,34,nonpun,0,poor,food,1
205,205,35-b,35,nonpun,0,guilt,jury,1
205,205,35-b,35,nonpun,0,guilt,decides,1
205,205,35-b,35,nonpun,0,guilt,innocence,1
205,205,35-b,35,nonpun,0,guilt,accused,1
205,205,35-b,35,nonpun,0,guilt,person,1
206,206,36-b,36,nonpun,0,err,better,1
206,206,36-b,36,nonpun,0,err,side,1
206,206,36-b,36,nonpun,0,err,being,1
206,206,36-b,36,nonpun,0,err,safe,1
207,207,37-b,37,nonpun,0,sun,rises,1
207,207,37-b,37,nonpun,0,sun,morning,1
207,207,37-b,37,nonpun,0,sun,sets,1
207,207,37-b,37,nonpun,0,sun,evening,1
208,208,38-b,38,nonpun,0,seas,ship,1
208,208,38-b,38,nonpun,0,seas,mid-atlantic,1
208,208,38-b,38,nonpun,0,seas,high,1
209,209,39-b,39,nonpun,0,what,teacher,1
209,209,39-b,39,nonpun,0,what,told,1
209,209,39-b,39,nonpun,0,what,students,1
210,210,40-b,40,nonpun,0,raiser,girl,1
210,210,40-b,40,nonpun,0,raiser,organized,1
210,210,40-b,40,nonpun,0,raiser,fund,1
210,210,40-b,40,nonpun,0,raiser,local,1
210,210,40-b,40,nonpun,0,raiser,church,1
211,211,41-b,41,nonpun,0,not,let's,1
212,212,42-b,42,nonpun,0,would,father,1
212,212,42-b,42,nonpun,0,would,not,1
212,212,42-b,42,nonpun,0,would,let,1
212,212,42-b,42,nonpun,0,would,go,1
212,212,42-b,42,nonpun,0,would,party,1
213,213,43-b,43,nonpun,0,grater,cheese,1
213,213,43-b,43,nonpun,0,grater,slices,1
213,213,43-b,43,nonpun,0,grater,cheese,1
214,214,44-b,44,nonpun,0,i,know,1
214,214,44-b,44,nonpun,0,i,answer,1
215,215,45-b,45,nonpun,0,sell,car,1
215,215,45-b,45,nonpun,0,sell,good,1
215,215,45-b,45,nonpun,0,sell,price,1
216,216,46-b,46,nonpun,0,cent,stingy,1
216,216,46-b,46,nonpun,0,cent,not,1
216,216,46-b,46,nonpun,0,cent,even,1
216,216,46-b,46,nonpun,0,cent,let,1
216,216,46-b,46,nonpun,0,cent,borrow,1
217,217,47-b,47,nonpun,0,coarse,very,1
217,217,47-b,47,nonpun,0,coarse,hair,1
218,218,48-b,48,nonpun,0,dear,friend,1
219,219,49-b,49,nonpun,0,be,okay,1
219,219,49-b,49,nonpun,0,be,worry,1
220,220,50-b,50,nonpun,0,break,leg,1
220,220,50-b,50,nonpun,0,break,performance,1
221,221,51-b,51,nonpun,0,flower,picked,1
221,221,51-b,51,nonpun,0,flower,pretty,1
221,221,51-b,51,nonpun,0,flower,growing,1
221,221,51-b,51,nonpun,0,flower,among,1
221,221,51-b,51,nonpun,0,flower,weeds,1
222,222,52-b,52,nonpun,0,fair,rules,1
222,222,52-b,52,nonpun,0,fair,game,1
222,222,52-b,52,nonpun,0,fair,not,1
223,223,53-b,53,nonpun,0,heal,just,1
223,223,53-b,53,nonpun,0,heal,takes,1
223,223,53-b,53,nonpun,0,heal,time,1
223,223,53-b,53,nonpun,0,heal,wounds,1
224,224,54-b,54,nonpun,0,him,john,1
224,224,54-b,54,nonpun,0,him,likes,1
224,224,54-b,54,nonpun,0,him,sarah,1
224,224,54-b,54,nonpun,0,him,like,1
224,224,54-b,54,nonpun,0,him,back,1
225,225,55-b,55,nonpun,0,knows,almost,1
225,225,55-b,55,nonpun,0,knows,word,1
225,225,55-b,55,nonpun,0,knows,dictionary,1
226,226,56-b,56,nonpun,0,in,come,1
226,226,56-b,56,nonpun,0,in,room,1
226,226,56-b,56,nonpun,0,in,close,1
226,226,56-b,56,nonpun,0,in,door,1
227,227,57-b,57,nonpun,0,idle,just,1
227,227,57-b,57,nonpun,0,idle,sitting,1
227,227,57-b,57,nonpun,0,idle,doing,1
228,228,58-b,58,nonpun,0,made,cake,1
229,229,59-b,59,nonpun,0,none,made,1
229,229,59-b,59,nonpun,0,none,sense,1
230,230,60-b,60,nonpun,0,morning,woke,1
230,230,60-b,60,nonpun,0,morning,up,1
230,230,60-b,60,nonpun,0,morning,sun,1
230,230,60-b,60,nonpun,0,morning,shining,1
231,231,61-b,61,nonpun,0,meet,pen,1
231,231,61-b,61,nonpun,0,meet,pals,1
231,231,61-b,61,nonpun,0,meet,finally,1
231,231,61-b,61,nonpun,0,meet,able,1
232,232,62-b,62,nonpun,0,real,diamond,1
232,232,62-b,62,nonpun,0,real,not,1
232,232,62-b,62,nonpun,0,real,just,1
232,232,62-b,62,nonpun,0,real,very,1
232,232,62-b,62,nonpun,0,real,good,1
232,232,62-b,62,nonpun,0,real,counterfeit,1
233,233,63-b,63,nonpun,0,pair,matching,1
233,233,63-b,63,nonpun,0,pair,socks,1
234,234,64-b,64,nonpun,0,prey,mouse,1
234,234,64-b,64,nonpun,0,prey,easily,1
234,234,64-b,64,nonpun,0,prey,eagle's,1
235,235,65-b,65,nonpun,0,route,take,1
235,235,65-b,65,nonpun,0,route,faster,1
235,235,65-b,65,nonpun,0,route,way,1
235,235,65-b,65,nonpun,0,route,home,1
236,1,1-b,1,pun,1,profit,atheism,1
236,1,1-b,1,pun,1,profit,non,1
236,1,1-b,1,pun,1,profit,organization,1
237,2,2-b,2,pun,1,pie,get,1
237,2,2-b,2,pun,1,pie,large,1
237,2,2-b,2,pun,1,pie,circumference,1
238,3,3-b,3,pun,1,need,bakers,1
238,3,3-b,3,pun,1,need,trade,1
238,3,3-b,3,pun,1,need,bread,1
238,3,3-b,3,pun,1,need,recipes,1
238,3,3-b,3,pun,1,need,know,1
238,3,3-b,3,pun,1,need,basis,1
239,4,4-b,4,pun,1,or,indecisive,1
239,4,4-b,4,pun,1,or,rower,1
239,4,4-b,4,pun,1,or,not,1
239,4,4-b,4,pun,1,or,choose,1
239,4,4-b,4,pun,1,or,either,1
240,5,5-b,5,pun,1,tears,emotional,1
240,5,5-b,5,pun,1,tears,wedding,1
240,5,5-b,5,pun,1,tears,even,1
240,5,5-b,5,pun,1,tears,cake,1
241,6,6-b,6,pun,1,pole,new,1
241,6,6-b,6,pun,1,pole,country,1
241,6,6-b,6,pun,1,pole,decided,1
241,6,6-b,6,pun,1,pole,conduct,1
241,6,6-b,6,pun,1,pole,flag,1
242,7,7-b,7,pun,1,board,executive,1
242,7,7-b,7,pun,1,board,meetings,1
242,7,7-b,7,pun,1,board,chairman,1
243,8,8-b,8,pun,1,grease,know,1
243,8,8-b,8,pun,1,grease,donuts,1
243,8,8-b,8,pun,1,grease,made,1
244,9,9-b,9,pun,1,sign,prayed,1
244,9,9-b,9,pun,1,sign,trigonometry,1
244,9,9-b,9,pun,1,sign,tests,1
244,9,9-b,9,pun,1,sign,hoping,1
244,9,9-b,9,pun,1,sign,above,1
245,10,10-b,10,pun,1,principle,not,1
245,10,10-b,10,pun,1,principle,school,1
245,10,10-b,10,pun,1,principle,john,1
245,10,10-b,10,pun,1,principle,disliked,1
245,10,10-b,10,pun,1,principle,just,1
246,11,11-b,11,pun,1,seedy,music,1
246,11,11-b,11,pun,1,seedy,stores,1
246,11,11-b,11,pun,1,seedy,part,1
246,11,11-b,11,pun,1,seedy,town,1
247,12,12-b,12,pun,1,hair,magician,1
247,12,12-b,12,pun,1,hair,got,1
247,12,12-b,12,pun,1,hair,mad,1
247,12,12-b,12,pun,1,hair,pulled,1
247,12,12-b,12,pun,1,hair,out,1
248,13,13-b,13,pun,1,naughty,young,1
248,13,13-b,13,pun,1,naughty,pine,1
248,13,13-b,13,pun,1,naughty,sapling,1
248,13,13-b,13,pun,1,naughty,admonished,1
248,13,13-b,13,pun,1,naughty,father,1
248,13,13-b,13,pun,1,naughty,apparently,1
249,14,14-b,14,pun,1,taught,learn,1
249,14,14-b,14,pun,1,taught,rope,1
249,14,14-b,14,pun,1,taught,tricks,1
250,15,15-b,15,pun,1,marks,dropped,1
250,15,15-b,15,pun,1,marks,out,1
250,15,15-b,15,pun,1,marks,communism,1
250,15,15-b,15,pun,1,marks,class,1
250,15,15-b,15,pun,1,marks,lousy,1
251,16,16-b,16,pun,1,high,boy,1
251,16,16-b,16,pun,1,high,instinctively,1
251,16,16-b,16,pun,1,high,waves,1
251,16,16-b,16,pun,1,high,people,1
251,16,16-b,16,pun,1,high,natural,1
252,17,17-b,17,pun,1,days,teacher,1
252,17,17-b,17,pun,1,days,having,1
252,17,17-b,17,pun,1,days,tough,1
252,17,17-b,17,pun,1,days,time,1
252,17,17-b,17,pun,1,days,longs,1
252,17,17-b,17,pun,1,days,end,1
252,17,17-b,17,pun,1,days,school,1
253,18,18-b,18,pun,1,pros,authors,1
253,18,18-b,18,pun,1,pros,jail,1
253,18,18-b,18,pun,1,pros,cons,1
254,19,19-b,19,pun,1,plain,not,1
254,19,19-b,19,pun,1,plain,expect,1
254,19,19-b,19,pun,1,plain,eat,1
254,19,19-b,19,pun,1,plain,fancy,1
254,19,19-b,19,pun,1,plain,flying,1
254,19,19-b,19,pun,1,plain,food,1
255,20,20-b,20,pun,1,damn,saw,1
255,20,20-b,20,pun,1,damn,beaver,1
255,20,20-b,20,pun,1,damn,movie,1
255,20,20-b,20,pun,1,damn,night,1
255,20,20-b,20,pun,1,damn,best,1
255,20,20-b,20,pun,1,damn,movie,1
255,20,20-b,20,pun,1,damn,ever,1
255,20,20-b,20,pun,1,damn,seen,1
256,21,21-b,21,pun,1,hurts,computer,1
256,21,21-b,21,pun,1,hurts,slow,1
257,22,22-b,22,pun,1,roll,actors,1
257,22,22-b,22,pun,1,roll,great,1
257,22,22-b,22,pun,1,roll,movie,1
258,23,23-b,23,pun,1,caller,man,1
258,23,23-b,23,pun,1,caller,put,1
258,23,23-b,23,pun,1,caller,name,1
258,23,23-b,23,pun,1,caller,neck,1
258,23,23-b,23,pun,1,caller,shirt,1
258,23,23-b,23,pun,1,caller,id,1
259,24,24-b,24,pun,1,steel,thieves,1
259,24,24-b,24,pun,1,steel,muscles,1
260,25,25-b,25,pun,1,die,actress,1
260,25,25-b,25,pun,1,die,saw,1
260,25,25-b,25,pun,1,die,strands,1
260,25,25-b,25,pun,1,die,gray,1
260,25,25-b,25,pun,1,die,hair,1
260,25,25-b,25,pun,1,die,thought,1
261,26,26-b,26,pun,1,waste,cardboard,1
261,26,26-b,26,pun,1,waste,belt,1
261,26,26-b,26,pun,1,waste,paper,1
262,27,27-b,27,pun,1,feat,being,1
262,27,27-b,27,pun,1,feat,able,1
262,27,27-b,27,pun,1,feat,fit,1
262,27,27-b,27,pun,1,feat,size,1
262,27,27-b,27,pun,1,feat,fourteen,1
262,27,27-b,27,pun,1,feat,shoes,1
262,27,27-b,27,pun,1,feat,quite,1
263,28,28-b,28,pun,1,allowed,mime,1
263,28,28-b,28,pun,1,allowed,wanted,1
263,28,28-b,28,pun,1,allowed,say,1
263,28,28-b,28,pun,1,allowed,not,1
264,29,29-b,29,pun,1,pale,those,1
264,29,29-b,29,pun,1,pale,carry,1
264,29,29-b,29,pun,1,pale,buckets,1
264,29,29-b,29,pun,1,pale,start,1
264,29,29-b,29,pun,1,pale,feeling,1
265,30,30-b,30,pun,1,manner,man's,1
265,30,30-b,30,pun,1,manner,home,1
265,30,30-b,30,pun,1,manner,castle,1
265,30,30-b,30,pun,1,manner,speaking,1
266,31,31-b,31,pun,1,cash,online,1
266,31,31-b,31,pun,1,cash,poker,1
266,31,31-b,31,pun,1,cash,tournament,1
266,31,31-b,31,pun,1,cash,ended,1
266,31,31-b,31,pun,1,cash,suddenly,1
266,31,31-b,31,pun,1,cash,computer,1
266,31,31-b,31,pun,1,cash,chips,1
267,32,32-b,32,pun,1,rain,britain,1
267,32,32-b,32,pun,1,rain,wet,1
267,32,32-b,32,pun,1,rain,place,1
267,32,32-b,32,pun,1,rain,queen,1
267,32,32-b,32,pun,1,rain,long,1
268,33,33-b,33,pun,1,time,herb,1
268,33,33-b,33,pun,1,time,gardeners,1
268,33,33-b,33,pun,1,time,work,1
268,33,33-b,33,pun,1,time,extra,1
268,33,33-b,33,pun,1,time,get,1
269,34,34-b,34,pun,1,poor,say,1
269,34,34-b,34,pun,1,poor,bad,1
269,34,34-b,34,pun,1,poor,skin,1
269,34,34-b,34,pun,1,poor,say,1
269,34,34-b,34,pun,1,poor,excuse,1
270,35,35-b,35,pun,1,guilt,people,1
270,35,35-b,35,pun,1,guilt,like,1
270,35,35-b,35,pun,1,guilt,gold,1
270,35,35-b,35,pun,1,guilt,paint,1
270,35,35-b,35,pun,1,guilt,complex,1
271,36,36-b,36,pun,1,err,human,1
272,37,37-b,37,pun,1,sun,boy,1
272,37,37-b,37,pun,1,sun,only,1
272,37,37-b,37,pun,1,sun,got,1
272,37,37-b,37,pun,1,sun,rest,1
273,38,38-b,38,pun,1,seas,novice,1
273,38,38-b,38,pun,1,seas,pirates,1
273,38,38-b,38,pun,1,seas,make,1
273,38,38-b,38,pun,1,seas,terrible,1
273,38,38-b,38,pun,1,seas,singers,1
273,38,38-b,38,pun,1,seas,cannot,1
273,38,38-b,38,pun,1,seas,hit,1
273,38,38-b,38,pun,1,seas,high,1
274,39,39-b,39,pun,1,what,electrician,1
274,39,39-b,39,pun,1,what,bright,1
274,39,39-b,39,pun,1,what,spark,1
274,39,39-b,39,pun,1,what,knows,1
274,39,39-b,39,pun,1,what,what's,1
275,40,40-b,40,pun,1,raiser,mayor,1
275,40,40-b,40,pun,1,raiser,wanted,1
275,40,40-b,40,pun,1,raiser,slash,1
275,40,40-b,40,pun,1,raiser,budget,1
275,40,40-b,40,pun,1,raiser,turned,1
275,40,40-b,40,pun,1,raiser,fund,1
276,41,41-b,41,pun,1,not,boyscouts,1
276,41,41-b,41,pun,1,not,know,1
276,41,41-b,41,pun,1,not,ropes,1
276,41,41-b,41,pun,1,not,tie,1
277,42,42-b,42,pun,1,would,ask,1
277,42,42-b,42,pun,1,would,trees,1
277,42,42-b,42,pun,1,would,ask,1
278,43,43-b,43,pun,1,grater,person,1
278,43,43-b,43,pun,1,grater,colby,1
278,43,43-b,43,pun,1,grater,jack,1
278,43,43-b,43,pun,1,grater,cheddar,1
278,43,43-b,43,pun,1,grater,jr,1
278,43,43-b,43,pun,1,grater,afraid,1
278,43,43-b,43,pun,1,grater,school,1
278,43,43-b,43,pun,1,grater,cheese,1
279,44,44-b,44,pun,1,i,blind,1
279,44,44-b,44,pun,1,i,see,1
280,45,45-b,45,pun,1,sell,know,1
280,45,45-b,45,pun,1,sell,whether,1
280,45,45-b,45,pun,1,sell,keep,1
280,45,45-b,45,pun,1,sell,biology,1
280,45,45-b,45,pun,1,sell,program,1
281,46,46-b,46,pun,1,cent,cost,1
281,46,46-b,46,pun,1,cent,get,1
281,46,46-b,46,pun,1,cent,rid,1
281,46,46-b,46,pun,1,cent,smell,1
282,47,47-b,47,pun,1,coarse,tried,1
282,47,47-b,47,pun,1,coarse,stick,1
282,47,47-b,47,pun,1,coarse,rough,1
282,47,47-b,47,pun,1,coarse,class,1
282,47,47-b,47,pun,1,coarse,just,1
282,47,47-b,47,pun,1,coarse,liking,1
283,48,48-b,48,pun,1,dear,pet,1
283,48,48-b,48,pun,1,dear,very,1
284,49,49-b,49,pun,1,be,want,1
284,49,49-b,49,pun,1,be,hive,1
284,49,49-b,49,pun,1,be,long,1
285,50,50-b,50,pun,1,break,run,1
285,50,50-b,50,pun,1,break,really,1
285,50,50-b,50,pun,1,break,fast,1
285,50,50-b,50,pun,1,break,careful,1
285,50,50-b,50,pun,1,break,not,1
286,51,51-b,51,pun,1,flower,pastry,1
286,51,51-b,51,pun,1,flower,chef,1
286,51,51-b,51,pun,1,flower,brought,1
286,51,51-b,51,pun,1,flower,girlfriend,1
286,51,51-b,51,pun,1,flower,valentine's,1
286,51,51-b,51,pun,1,flower,day,1
287,52,52-b,52,pun,1,fair,driver,1
287,52,52-b,52,pun,1,fair,toll,1
287,52,52-b,52,pun,1,fair,insisted,1
287,52,52-b,52,pun,1,fair,wasn't,1
288,53,53-b,53,pun,1,heal,injured,1
288,53,53-b,53,pun,1,heal,foot,1
288,53,53-b,53,pun,1,heal,just,1
289,54,54-b,54,pun,1,him,wrote,1
289,54,54-b,54,pun,1,him,song,1
289,54,54-b,54,pun,1,him,priest,1
289,54,54-b,54,pun,1,him,perform,1
290,55,55-b,55,pun,1,knows,mother,1
290,55,55-b,55,pun,1,knows,best,1
291,56,56-b,56,pun,1,in,stayed,1
291,56,56-b,56,pun,1,in,hotel,1
291,56,56-b,56,pun,1,in,made,1
291,56,56-b,56,pun,1,in,sure,1
291,56,56-b,56,pun,1,in,sleep,1
292,57,57-b,57,pun,1,idle,spent,1
292,57,57-b,57,pun,1,idle,time,1
292,57,57-b,57,pun,1,idle,looking,1
292,57,57-b,57,pun,1,idle,celebrity,1
292,57,57-b,57,pun,1,idle,realized,1
292,57,57-b,57,pun,1,idle,want,1
293,58,58-b,58,pun,1,made,want,1
293,58,58-b,58,pun,1,made,clean,1
293,58,58-b,58,pun,1,made,up,1
294,59,59-b,59,pun,1,none,new,1
294,59,59-b,59,pun,1,none,church,1
294,59,59-b,59,pun,1,none,opened,1
294,59,59-b,59,pun,1,none,cared,1
295,60,60-b,60,pun,1,morning,cried,1
295,60,60-b,60,pun,1,morning,woke,1
295,60,60-b,60,pun,1,morning,up,1
296,61,61-b,61,pun,1,meet,butcher,1
296,61,61-b,61,pun,1,meet,very,1
296,61,61-b,61,pun,1,meet,glad,1
297,62,62-b,62,pun,1,real,fisherman,1
297,62,62-b,62,pun,1,real,believe,1
297,62,62-b,62,pun,1,real,caught,1
297,62,62-b,62,pun,1,real,think,1
298,63,63-b,63,pun,1,pair,brave,1
298,63,63-b,63,pun,1,pair,enough,1
298,63,63-b,63,pun,1,pair,fruit,1
298,63,63-b,63,pun,1,pair,farmer,1
298,63,63-b,63,pun,1,pair,grow,1
299,64,64-b,64,pun,1,prey,birds,1
299,64,64-b,64,pun,1,prey,parish,1
299,64,64-b,64,pun,1,prey,birds,1
300,65,65-b,65,pun,1,route,want,1
300,65,65-b,65,pun,1,route,make,1
300,65,65-b,65,pun,1,route,way,1
300,65,65-b,65,pun,1,route,tree,1
300,65,65-b,65,pun,1,route,farm,1
300,65,65-b,65,pun,1,route,better,1
300,65,65-b,65,pun,1,route,take,1
300,65,65-b,65,pun,1,route,different,1
301,66,1-b,1,depunned,1,profit,nationalism,1
301,66,1-b,1,depunned,1,profit,non,1
301,66,1-b,1,depunned,1,profit,organization,1
302,67,2-b,2,depunned,1,pie,get,1
302,67,2-b,2,depunned,1,pie,large,1
302,67,2-b,2,depunned,1,pie,waistline,1
303,68,3-b,3,depunned,1,need,mothers,1
303,68,3-b,3,depunned,1,need,trade,1
303,68,3-b,3,depunned,1,need,cake,1
303,68,3-b,3,depunned,1,need,recipes,1
303,68,3-b,3,depunned,1,need,know,1
303,68,3-b,3,depunned,1,need,basis,1
304,69,4-b,4,depunned,1,or,indecisive,1
304,69,4-b,4,depunned,1,or,customer,1
304,69,4-b,4,depunned,1,or,not,1
304,69,4-b,4,depunned,1,or,choose,1
304,69,4-b,4,depunned,1,or,either,1
305,70,5-b,5,depunned,1,tears,emotional,1
305,70,5-b,5,depunned,1,tears,wedding,1
305,70,5-b,5,depunned,1,tears,even,1
305,70,5-b,5,depunned,1,tears,mother-in-law,1
306,71,6-b,6,depunned,1,pole,new,1
306,71,6-b,6,depunned,1,pole,country,1
306,71,6-b,6,depunned,1,pole,decided,1
306,71,6-b,6,depunned,1,pole,conduct,1
306,71,6-b,6,depunned,1,pole,gallup,1
307,72,7-b,7,depunned,1,board,executive,1
307,72,7-b,7,depunned,1,board,galas,1
307,72,7-b,7,depunned,1,board,chairman,1
308,73,8-b,8,depunned,1,grease,know,1
308,73,8-b,8,depunned,1,grease,dolmas,1
308,73,8-b,8,depunned,1,grease,made,1
309,74,9-b,9,depunned,1,sign,prayed,1
309,74,9-b,9,depunned,1,sign,biology,1
309,74,9-b,9,depunned,1,sign,tests,1
309,74,9-b,9,depunned,1,sign,hoping,1
309,74,9-b,9,depunned,1,sign,above,1
310,75,10-b,10,depunned,1,principle,not,1
310,75,10-b,10,depunned,1,principle,church,1
310,75,10-b,10,depunned,1,principle,john,1
310,75,10-b,10,depunned,1,principle,disliked,1
310,75,10-b,10,depunned,1,principle,just,1
311,76,11-b,11,depunned,1,seedy,grocery,1
311,76,11-b,11,depunned,1,seedy,stores,1
311,76,11-b,11,depunned,1,seedy,part,1
311,76,11-b,11,depunned,1,seedy,town,1
312,77,12-b,12,depunned,1,hair,professor,1
312,77,12-b,12,depunned,1,hair,got,1
312,77,12-b,12,depunned,1,hair,mad,1
312,77,12-b,12,depunned,1,hair,pulled,1
312,77,12-b,12,depunned,1,hair,out,1
313,78,13-b,13,depunned,1,naughty,young,1
313,78,13-b,13,depunned,1,naughty,boy,1
313,78,13-b,13,depunned,1,naughty,admonished,1
313,78,13-b,13,depunned,1,naughty,father,1
313,78,13-b,13,depunned,1,naughty,apparently,1
314,79,14-b,14,depunned,1,taught,learn,1
314,79,14-b,14,depunned,1,taught,skateboard,1
314,79,14-b,14,depunned,1,taught,tricks,1
315,80,15-b,15,depunned,1,marks,dropped,1
315,80,15-b,15,depunned,1,marks,out,1
315,80,15-b,15,depunned,1,marks,math,1
315,80,15-b,15,depunned,1,marks,class,1
315,80,15-b,15,depunned,1,marks,lousy,1
316,81,16-b,16,depunned,1,high,boy,1
316,81,16-b,16,depunned,1,high,instinctively,1
316,81,16-b,16,depunned,1,high,takes,1
316,81,16-b,16,depunned,1,high,risks,1
316,81,16-b,16,depunned,1,high,natural,1
317,82,17-b,17,depunned,1,days,teacher,1
317,82,17-b,17,depunned,1,days,having,1
317,82,17-b,17,depunned,1,days,tough,1
317,82,17-b,17,depunned,1,days,time,1
317,82,17-b,17,depunned,1,days,longs,1
317,82,17-b,17,depunned,1,days,end,1
317,82,17-b,17,depunned,1,days,school,1
318,83,18-b,18,depunned,1,pros,bankers,1
318,83,18-b,18,depunned,1,pros,jail,1
318,83,18-b,18,depunned,1,pros,cons,1
319,84,19-b,19,depunned,1,plain,not,1
319,84,19-b,19,depunned,1,plain,expect,1
319,84,19-b,19,depunned,1,plain,eat,1
319,84,19-b,19,depunned,1,plain,fancy,1
319,84,19-b,19,depunned,1,plain,driving,1
319,84,19-b,19,depunned,1,plain,food,1
320,85,20-b,20,depunned,1,damn,saw,1
320,85,20-b,20,depunned,1,damn,horror,1
320,85,20-b,20,depunned,1,damn,movie,1
320,85,20-b,20,depunned,1,damn,night,1
320,85,20-b,20,depunned,1,damn,best,1
320,85,20-b,20,depunned,1,damn,movie,1
320,85,20-b,20,depunned,1,damn,ever,1
320,85,20-b,20,depunned,1,damn,seen,1
321,86,21-b,21,depunned,1,hurts,horse,1
321,86,21-b,21,depunned,1,hurts,slow,1
322,87,22-b,22,depunned,1,roll,directors,1
322,87,22-b,22,depunned,1,roll,great,1
322,87,22-b,22,depunned,1,roll,movie,1
323,88,23-b,23,depunned,1,caller,man,1
323,88,23-b,23,depunned,1,caller,put,1
323,88,23-b,23,depunned,1,caller,name,1
323,88,23-b,23,depunned,1,caller,pocket,1
323,88,23-b,23,depunned,1,caller,shirt,1
323,88,23-b,23,depunned,1,caller,id,1
324,89,24-b,24,depunned,1,steel,bodybuilders,1
324,89,24-b,24,depunned,1,steel,muscles,1
325,90,25-b,25,depunned,1,die,actress,1
325,90,25-b,25,depunned,1,die,saw,1
325,90,25-b,25,depunned,1,die,wrinkle,1
325,90,25-b,25,depunned,1,die,thought,1
326,91,26-b,26,depunned,1,waste,cardboard,1
326,91,26-b,26,depunned,1,waste,fort,1
326,91,26-b,26,depunned,1,waste,paper,1
327,92,27-b,27,depunned,1,feat,being,1
327,92,27-b,27,depunned,1,feat,able,1
327,92,27-b,27,depunned,1,feat,fit,1
327,92,27-b,27,depunned,1,feat,size,1
327,92,27-b,27,depunned,1,feat,fourteen,1
327,92,27-b,27,depunned,1,feat,pants,1
327,92,27-b,27,depunned,1,feat,quite,1
328,93,28-b,28,depunned,1,allowed,intern,1
328,93,28-b,28,depunned,1,allowed,wanted,1
328,93,28-b,28,depunned,1,allowed,say,1
328,93,28-b,28,depunned,1,allowed,not,1
329,94,29-b,29,depunned,1,pale,those,1
329,94,29-b,29,depunned,1,pale,carry,1
329,94,29-b,29,depunned,1,pale,burdens,1
329,94,29-b,29,depunned,1,pale,start,1
329,94,29-b,29,depunned,1,pale,feeling,1
330,95,30-b,30,depunned,1,manner,man's,1
330,95,30-b,30,depunned,1,manner,family,1
330,95,30-b,30,depunned,1,manner,anchor,1
330,95,30-b,30,depunned,1,manner,manor,1
330,95,30-b,30,depunned,1,manner,speaking,1
331,96,31-b,31,depunned,1,cash,online,1
331,96,31-b,31,depunned,1,cash,poker,1
331,96,31-b,31,depunned,1,cash,tournament,1
331,96,31-b,31,depunned,1,cash,ended,1
331,96,31-b,31,depunned,1,cash,suddenly,1
331,96,31-b,31,depunned,1,cash,competitor,1
331,96,31-b,31,depunned,1,cash,chips,1
332,97,32-b,32,depunned,1,rain,britain,1
332,97,32-b,32,depunned,1,rain,wet,1
332,97,32-b,32,depunned,1,rain,place,1
332,97,32-b,32,depunned,1,rain,autumn,1
332,97,32-b,32,depunned,1,rain,long,1
333,98,33-b,33,depunned,1,time,tomato,1
333,98,33-b,33,depunned,1,time,gardeners,1
333,98,33-b,33,depunned,1,time,work,1
333,98,33-b,33,depunned,1,time,extra,1
333,98,33-b,33,depunned,1,time,get,1
334,99,34-b,34,depunned,1,poor,say,1
334,99,34-b,34,depunned,1,poor,bad,1
334,99,34-b,34,depunned,1,poor,teeth,1
334,99,34-b,34,depunned,1,poor,say,1
334,99,34-b,34,depunned,1,poor,excuse,1
335,100,35-b,35,depunned,1,guilt,people,1
335,100,35-b,35,depunned,1,guilt,like,1
335,100,35-b,35,depunned,1,guilt,purple,1
335,100,35-b,35,depunned,1,guilt,paint,1
335,100,35-b,35,depunned,1,guilt,complex,1
336,101,36-b,36,depunned,1,err,careless,1
337,102,37-b,37,depunned,1,sun,parrot,1
337,102,37-b,37,depunned,1,sun,only,1
337,102,37-b,37,depunned,1,sun,got,1
337,102,37-b,37,depunned,1,sun,rest,1
338,103,38-b,38,depunned,1,seas,novice,1
338,103,38-b,38,depunned,1,seas,choristers,1
338,103,38-b,38,depunned,1,seas,make,1
338,103,38-b,38,depunned,1,seas,terrible,1
338,103,38-b,38,depunned,1,seas,singers,1
338,103,38-b,38,depunned,1,seas,cannot,1
338,103,38-b,38,depunned,1,seas,hit,1
338,103,38-b,38,depunned,1,seas,high,1
339,104,39-b,39,depunned,1,what,optometrist,1
339,104,39-b,39,depunned,1,what,bright,1
339,104,39-b,39,depunned,1,what,spark,1
339,104,39-b,39,depunned,1,what,knows,1
339,104,39-b,39,depunned,1,what,what's,1
340,105,40-b,40,depunned,1,raiser,mayor,1
340,105,40-b,40,depunned,1,raiser,wanted,1
340,105,40-b,40,depunned,1,raiser,balance,1
340,105,40-b,40,depunned,1,raiser,budget,1
340,105,40-b,40,depunned,1,raiser,turned,1
340,105,40-b,40,depunned,1,raiser,fund,1
341,106,1-b,1,nonpun,1,profit,daniel,1
341,106,1-b,1,nonpun,1,profit,biblical,1
341,106,1-b,1,nonpun,1,profit,known,1
341,106,1-b,1,nonpun,1,profit,interpreting,1
341,106,1-b,1,nonpun,1,profit,dreams,1
342,107,2-b,2,nonpun,1,pie,recite,1
342,107,2-b,2,nonpun,1,pie,number,1
342,107,2-b,2,nonpun,1,pie,up,1
342,107,2-b,2,nonpun,1,pie,ten,1
342,107,2-b,2,nonpun,1,pie,decimal,1
342,107,2-b,2,nonpun,1,pie,places,1
343,108,3-b,3,nonpun,1,need,bakers,1
343,108,3-b,3,nonpun,1,need,flour,1
343,108,3-b,3,nonpun,1,need,milk,1
343,108,3-b,3,nonpun,1,need,together,1
343,108,3-b,3,nonpun,1,need,make,1
343,108,3-b,3,nonpun,1,need,bread,1
343,108,3-b,3,nonpun,1,need,dough,1
344,109,4-b,4,nonpun,1,or,fisherman,1
344,109,4-b,4,nonpun,1,or,dipped,1
344,109,4-b,4,nonpun,1,or,river,1
345,110,5-b,5,nonpun,1,tears,boxes,1
345,110,5-b,5,nonpun,1,tears,stacked,1
345,110,5-b,5,nonpun,1,tears,warehouse,1
346,111,6-b,6,nonpun,1,pole,pollsters,1
346,111,6-b,6,nonpun,1,pole,conducted,1
346,111,6-b,6,nonpun,1,pole,popularity,1
346,111,6-b,6,nonpun,1,pole,political,1
346,111,6-b,6,nonpun,1,pole,candidates,1
347,112,7-b,7,nonpun,1,board,old,1
347,112,7-b,7,nonpun,1,board,man,1
347,112,7-b,7,nonpun,1,board,alone,1
347,112,7-b,7,nonpun,1,board,time,1
347,112,7-b,7,nonpun,1,board,tears,1
348,113,8-b,8,nonpun,1,grease,country,1
348,113,8-b,8,nonpun,1,grease,southern,1
348,113,8-b,8,nonpun,1,grease,portion,1
348,113,8-b,8,nonpun,1,grease,europe,1
349,114,9-b,9,nonpun,1,sign,mathematics,1
349,114,9-b,9,nonpun,1,sign,function,1
349,114,9-b,9,nonpun,1,sign,function,1
349,114,9-b,9,nonpun,1,sign,angle,1
350,115,10-b,10,nonpun,1,principle,ms,1
350,115,10-b,10,nonpun,1,principle,wu,1
350,115,10-b,10,nonpun,1,principle,local,1
350,115,10-b,10,nonpun,1,principle,high,1
350,115,10-b,10,nonpun,1,principle,school,1
351,116,11-b,11,nonpun,1,seedy,bought,1
351,116,11-b,11,nonpun,1,seedy,new,1
351,116,11-b,11,nonpun,1,seedy,classical,1
351,116,11-b,11,nonpun,1,seedy,music,1
352,117,12-b,12,nonpun,1,hair,ran,1
352,117,12-b,12,nonpun,1,hair,rapidly,1
352,117,12-b,12,nonpun,1,hair,fields,1
353,118,13-b,13,nonpun,1,naughty,cabin,1
353,118,13-b,13,nonpun,1,naughty,made,1
353,118,13-b,13,nonpun,1,naughty,pine,1
354,119,14-b,14,nonpun,1,taught,clothesline,1
354,119,14-b,14,nonpun,1,taught,hangs,1
354,119,14-b,14,nonpun,1,taught,between,1
354,119,14-b,14,nonpun,1,taught,poles,1
355,120,15-b,15,nonpun,1,marks,karl,1
355,120,15-b,15,nonpun,1,marks,german,1
355,120,15-b,15,nonpun,1,marks,philosopher,1
356,121,16-b,16,nonpun,1,high,waved,1
356,121,16-b,16,nonpun,1,high,say,1
357,122,17-b,17,nonpun,1,days,learning,1
357,122,17-b,17,nonpun,1,days,bad,1
357,122,17-b,17,nonpun,1,days,news,1
358,123,18-b,18,nonpun,1,pros,novels,1
358,123,18-b,18,nonpun,1,pros,essays,1
358,123,18-b,18,nonpun,1,pros,written,1
359,124,19-b,19,nonpun,1,plain,landed,1
359,124,19-b,19,nonpun,1,plain,airport,1
360,125,20-b,20,nonpun,1,damn,beaver,1
360,125,20-b,20,nonpun,1,damn,building,1
360,125,20-b,20,nonpun,1,damn,logs,1
360,125,20-b,20,nonpun,1,damn,sticks,1
361,126,21-b,21,nonpun,1,hurts,computer,1
361,126,21-b,21,nonpun,1,hurts,processing,1
361,126,21-b,21,nonpun,1,hurts,speed,1
361,126,21-b,21,nonpun,1,hurts,thirty-three,1
361,126,21-b,21,nonpun,1,hurts,mega,1
362,127,22-b,22,nonpun,1,roll,plays,1
362,127,22-b,22,nonpun,1,roll,leading,1
362,127,22-b,22,nonpun,1,roll,television,1
362,127,22-b,22,nonpun,1,roll,show,1
363,128,23-b,23,nonpun,1,caller,puts,1
363,128,23-b,23,nonpun,1,caller,dog,1
363,128,23-b,23,nonpun,1,caller,walking,1
364,129,24-b,24,nonpun,1,steel,boy,1
364,129,24-b,24,nonpun,1,steel,wanted,1
364,129,24-b,24,nonpun,1,steel,friend's,1
364,129,24-b,24,nonpun,1,steel,candy,1
364,129,24-b,24,nonpun,1,steel,decided,1
364,129,24-b,24,nonpun,1,steel,not,1
365,130,25-b,25,nonpun,1,die,people,1
365,130,25-b,25,nonpun,1,die,not,1
365,130,25-b,25,nonpun,1,die,like,1
365,130,25-b,25,nonpun,1,die,hair,1
366,131,26-b,26,nonpun,1,waste,small,1
366,131,26-b,26,nonpun,1,waste,look,1
366,131,26-b,26,nonpun,1,waste,tiny,1
366,131,26-b,26,nonpun,1,waste,belt,1
367,132,27-b,27,nonpun,1,feat,these,1
367,132,27-b,27,nonpun,1,feat,new,1
367,132,27-b,27,nonpun,1,feat,shoes,1
367,132,27-b,27,nonpun,1,feat,hurting,1
368,133,28-b,28,nonpun,1,allowed,student,1
368,133,28-b,28,nonpun,1,allowed,read,1
368,133,28-b,28,nonpun,1,allowed,poem,1
368,133,28-b,28,nonpun,1,allowed,class,1
369,134,29-b,29,nonpun,1,pale,worker,1
369,134,29-b,29,nonpun,1,pale,filled,1
369,134,29-b,29,nonpun,1,pale,water,1
369,134,29-b,29,nonpun,1,pale,clean,1
369,134,29-b,29,nonpun,1,pale,floor,1
370,135,30-b,30,nonpun,1,manner,those,1
370,135,30-b,30,nonpun,1,manner,wealthy,1
370,135,30-b,30,nonpun,1,manner,people,1
370,135,30-b,30,nonpun,1,manner,live,1
370,135,30-b,30,nonpun,1,manner,huge,1
371,136,31-b,31,nonpun,1,cash,copies,1
371,136,31-b,31,nonpun,1,cash,web,1
371,136,31-b,31,nonpun,1,cash,pages,1
371,136,31-b,31,nonpun,1,cash,stored,1
371,136,31-b,31,nonpun,1,cash,database,1
372,137,32-b,32,nonpun,1,rain,king's,1
372,137,32-b,32,nonpun,1,rain,ended,1
372,137,32-b,32,nonpun,1,rain,heir,1
372,137,32-b,32,nonpun,1,rain,took,1
373,138,33-b,33,nonpun,1,time,favorite,1
373,138,33-b,33,nonpun,1,time,meals,1
373,138,33-b,33,nonpun,1,time,chicken,1
373,138,33-b,33,nonpun,1,time,creamy,1
373,138,33-b,33,nonpun,1,time,sauce,1
373,138,33-b,33,nonpun,1,time,flavored,1
374,139,34-b,34,nonpun,1,poor,very,1
374,139,34-b,34,nonpun,1,poor,small,1
374,139,34-b,34,nonpun,1,poor,opening,1
374,139,34-b,34,nonpun,1,poor,surface,1
374,139,34-b,34,nonpun,1,poor,skin,1
375,140,35-b,35,nonpun,1,guilt,covered,1
375,140,35-b,35,nonpun,1,guilt,frame,1
376,141,36-b,36,nonpun,1,err,prince,1
376,141,36-b,36,nonpun,1,err,william,1
376,141,36-b,36,nonpun,1,err,british,1
376,141,36-b,36,nonpun,1,err,throne,1
377,142,37-b,37,nonpun,1,sun,daughter,1
378,143,38-b,38,nonpun,1,seas,hard,1
378,143,38-b,38,nonpun,1,seas,even,1
378,143,38-b,38,nonpun,1,seas,soprano,1
378,143,38-b,38,nonpun,1,seas,sing,1
378,143,38-b,38,nonpun,1,seas,high,1
379,144,39-b,39,nonpun,1,what,desk,1
379,144,39-b,39,nonpun,1,what,lamp,1
379,144,39-b,39,nonpun,1,what,uses,1
379,144,39-b,39,nonpun,1,what,sixty,1
379,144,39-b,39,nonpun,1,what,light,1
379,144,39-b,39,nonpun,1,what,bulb,1
380,145,40-b,40,nonpun,1,raiser,used,1
380,145,40-b,40,nonpun,1,raiser,shave,1
380,145,40-b,40,nonpun,1,raiser,beard,1
381,146,41-b,41,nonpun,1,not,easy,1
381,146,41-b,41,nonpun,1,not,tie,1
381,146,41-b,41,nonpun,1,not,double,1
382,147,42-b,42,nonpun,1,would,get,1
382,147,42-b,42,nonpun,1,would,trees,1
383,148,43-b,43,nonpun,1,grater,hired,1
383,148,43-b,43,nonpun,1,grater,score,1
383,148,43-b,43,nonpun,1,grater,tests,1
384,149,44-b,44,nonpun,1,i,poked,1
385,150,45-b,45,nonpun,1,sell,learned,1
385,150,45-b,45,nonpun,1,sell,works,1
385,150,45-b,45,nonpun,1,sell,biology,1
386,151,46-b,46,nonpun,1,cent,unpleasant,1
387,152,47-b,47,nonpun,1,coarse,took,1
387,152,47-b,47,nonpun,1,coarse,school,1
388,153,48-b,48,nonpun,1,dear,forest,1
389,154,49-b,49,nonpun,1,be,tried,1
389,154,49-b,49,nonpun,1,be,steal,1
389,154,49-b,49,nonpun,1,be,honey,1
389,154,49-b,49,nonpun,1,be,stung,1
389,154,49-b,49,nonpun,1,be,angry,1
390,155,50-b,50,nonpun,1,break,cars,1
390,155,50-b,50,nonpun,1,break,slowly,1
391,156,51-b,51,nonpun,1,flower,use,1
391,156,51-b,51,nonpun,1,flower,different,1
391,156,51-b,51,nonpun,1,flower,kinds,1
391,156,51-b,51,nonpun,1,flower,baking,1
392,157,52-b,52,nonpun,1,fair,paid,1
393,158,53-b,53,nonpun,1,heal,bruised,1
393,158,53-b,53,nonpun,1,heal,walking,1
394,159,54-b,54,nonpun,1,him,sang,1
394,159,54-b,54,nonpun,1,him,church,1
395,160,55-b,55,nonpun,1,knows,answered,1
395,160,55-b,55,nonpun,1,knows,string,1
396,161,56-b,56,nonpun,1,in,stayed,1
397,162,57-b,57,nonpun,1,idle,famous,1
397,162,57-b,57,nonpun,1,idle,movie,1
397,162,57-b,57,nonpun,1,idle,star,1
398,163,58-b,58,nonpun,1,made,hired,1
398,163,58-b,58,nonpun,1,made,clean,1
399,164,59-b,59,nonpun,1,none,very,1
399,164,59-b,59,nonpun,1,none,pious,1
399,164,59-b,59,nonpun,1,none,kind,1
400,165,60-b,60,nonpun,1,morning,loved,1
400,165,60-b,60,nonpun,1,morning,died,1
401,166,61-b,61,nonpun,1,meet,vegetarians,1
401,166,61-b,61,nonpun,1,meet,like,1
402,167,62-b,62,nonpun,1,real,need,1
402,167,62-b,62,nonpun,1,real,fish,1
403,168,63-b,63,nonpun,1,pair,ate,1
403,168,63-b,63,nonpun,1,pair,apples,1
404,169,64-b,64,nonpun,1,prey,customary,1
404,169,64-b,64,nonpun,1,prey,christians,1
404,169,64-b,64,nonpun,1,prey,bed,1
405,170,65-b,65,nonpun,1,route,tripped,1
405,170,65-b,65,nonpun,1,route,tree's,1
406,171,1-a,1,nonpun,1,prophet,business,1
406,171,1-a,1,nonpun,1,prophet,made,1
406,171,1-a,1,nonpun,1,prophet,million,1
406,171,1-a,1,nonpun,1,prophet,dollars,1
406,171,1-a,1,nonpun,1,prophet,year,1
407,172,2-a,2,nonpun,1,pi,like,1
407,172,2-a,2,nonpun,1,pi,apple,1
407,172,2-a,2,nonpun,1,pi,dessert,1
408,173,3-a,3,nonpun,1,knead,company,1
408,173,3-a,3,nonpun,1,knead,computer,1
408,173,3-a,3,nonpun,1,knead,programmers,1
409,174,4-a,4,nonpun,1,oar,take,1
409,174,4-a,4,nonpun,1,oar,care,1
409,174,4-a,4,nonpun,1,oar,car,1
409,174,4-a,4,nonpun,1,oar,problems,1
410,175,5-a,5,nonpun,1,tiers,ran,1
410,175,5-a,5,nonpun,1,tiers,cheeks,1
410,175,5-a,5,nonpun,1,tiers,watched,1
410,175,5-a,5,nonpun,1,tiers,sad,1
410,175,5-a,5,nonpun,1,tiers,movie,1
411,176,6-a,6,nonpun,1,poll,raised,1
411,176,6-a,6,nonpun,1,poll,flag,1
411,176,6-a,6,nonpun,1,poll,up,1
412,177,7-a,7,nonpun,1,bored,meeting,1
412,177,7-a,7,nonpun,1,bored,company's,1
412,177,7-a,7,nonpun,1,bored,directors,1
413,178,8-a,8,nonpun,1,greece,plate,1
414,179,9-a,9,nonpun,1,sine,store,1
414,179,9-a,9,nonpun,1,sine,says,1
414,179,9-a,9,nonpun,1,sine,clothes,1
414,179,9-a,9,nonpun,1,sine,boutique,1
415,180,10-a,10,nonpun,1,principal,believe,1
415,180,10-a,10,nonpun,1,principal,physics,1
416,181,11-a,11,nonpun,1,cd,bar,1
416,181,11-a,11,nonpun,1,cd,full,1
416,181,11-a,11,nonpun,1,cd,drunken,1
416,181,11-a,11,nonpun,1,cd,unwashed,1
416,181,11-a,11,nonpun,1,cd,people,1
417,182,12-a,12,nonpun,1,hare,people,1
417,182,12-a,12,nonpun,1,hare,lots,1
417,182,12-a,12,nonpun,1,hare,heads,1
418,183,13-a,13,nonpun,1,knotty,boy,1
418,183,13-a,13,nonpun,1,knotty,child,1
419,184,14-a,14,nonpun,1,taut,mathematics,1
419,184,14-a,14,nonpun,1,taut,college,1
419,184,14-a,14,nonpun,1,taut,students,1
420,185,15-a,15,nonpun,1,marx,got,1
420,185,15-a,15,nonpun,1,marx,high,1
420,185,15-a,15,nonpun,1,marx,high,1
420,185,15-a,15,nonpun,1,marx,school,1
421,186,16-a,16,nonpun,1,hi,statue,1
421,186,16-a,16,nonpun,1,hi,ten,1
421,186,16-a,16,nonpun,1,hi,feet,1
422,187,17-a,17,nonpun,1,daze,seven,1
422,187,17-a,17,nonpun,1,daze,week,1
423,188,18-a,18,nonpun,1,prose,cons,1
423,188,18-a,18,nonpun,1,prose,social,1
423,188,18-a,18,nonpun,1,prose,networking,1
423,188,18-a,18,nonpun,1,prose,sites,1
424,189,19-a,19,nonpun,1,plane,felt,1
424,189,19-a,19,nonpun,1,plane,beautiful,1
424,189,19-a,19,nonpun,1,plane,sister,1
425,190,20-a,20,nonpun,1,dam,not,1
425,190,20-a,20,nonpun,1,dam,give,1
425,190,20-a,20,nonpun,1,dam,say,1
426,191,21-a,21,nonpun,1,hertz,fell,1
426,191,21-a,21,nonpun,1,hertz,leg,1
427,192,22-a,22,nonpun,1,role,bought,1
427,192,22-a,22,nonpun,1,role,silk,1
427,192,22-a,22,nonpun,1,role,make,1
427,192,22-a,22,nonpun,1,role,dress,1
428,193,23-a,23,nonpun,1,collar,phone,1
428,193,23-a,23,nonpun,1,collar,bank,1
429,194,24-a,24,nonpun,1,steal,ship,1
429,194,24-a,24,nonpun,1,steal,made,1
429,194,24-a,24,nonpun,1,steal,wood,1
430,195,25-a,25,nonpun,1,dye,very,1
430,195,25-a,25,nonpun,1,dye,scared,1
430,195,25-a,25,nonpun,1,dye,heart,1
430,195,25-a,25,nonpun,1,dye,attack,1
431,196,26-a,26,nonpun,1,waist,dealing,1
431,196,26-a,26,nonpun,1,waist,time,1
432,197,27-a,27,nonpun,1,feet,passing,1
432,197,27-a,27,nonpun,1,feet,exam,1
432,197,27-a,27,nonpun,1,feet,studying,1
432,197,27-a,27,nonpun,1,feet,real,1
433,198,28-a,28,nonpun,1,aloud,son,1
433,198,28-a,28,nonpun,1,aloud,use,1
433,198,28-a,28,nonpun,1,aloud,family,1
433,198,28-a,28,nonpun,1,aloud,car,1
434,199,29-a,29,nonpun,1,pail,looks,1
434,199,29-a,29,nonpun,1,pail,sick,1
435,200,30-a,30,nonpun,1,manor,food,1
435,200,30-a,30,nonpun,1,manor,party,1
436,201,31-a,31,nonpun,1,cache,bought,1
436,201,31-a,31,nonpun,1,cache,stocks,1
436,201,31-a,31,nonpun,1,cache,ten,1
436,201,31-a,31,nonpun,1,cache,years,1
436,201,31-a,31,nonpun,1,cache,chips,1
437,202,32-a,32,nonpun,1,reign,fell,1
437,202,32-a,32,nonpun,1,reign,city,1
437,202,32-a,32,nonpun,1,reign,night,1
438,203,33-a,33,nonpun,1,thyme,lunch,1
438,203,33-a,33,nonpun,1,thyme,meeting,1
439,204,34-a,34,nonpun,1,pore,family,1
439,204,34-a,34,nonpun,1,pore,cannot,1
439,204,34-a,34,nonpun,1,pore,afford,1
439,204,34-a,34,nonpun,1,pore,buy,1
439,204,34-a,34,nonpun,1,pore,food,1
440,205,35-a,35,nonpun,1,gilt,jury,1
440,205,35-a,35,nonpun,1,gilt,decides,1
440,205,35-a,35,nonpun,1,gilt,innocence,1
440,205,35-a,35,nonpun,1,gilt,accused,1
440,205,35-a,35,nonpun,1,gilt,person,1
441,206,36-a,36,nonpun,1,heir,better,1
441,206,36-a,36,nonpun,1,heir,side,1
441,206,36-a,36,nonpun,1,heir,being,1
441,206,36-a,36,nonpun,1,heir,safe,1
442,207,37-a,37,nonpun,1,son,rises,1
442,207,37-a,37,nonpun,1,son,morning,1
442,207,37-a,37,nonpun,1,son,sets,1
442,207,37-a,37,nonpun,1,son,evening,1
443,208,38-a,38,nonpun,1,c's,ship,1
443,208,38-a,38,nonpun,1,c's,mid-atlantic,1
443,208,38-a,38,nonpun,1,c's,high,1
444,209,39-a,39,nonpun,1,watt,teacher,1
444,209,39-a,39,nonpun,1,watt,told,1
444,209,39-a,39,nonpun,1,watt,students,1
445,210,40-a,40,nonpun,1,razor,girl,1
445,210,40-a,40,nonpun,1,razor,organized,1
445,210,40-a,40,nonpun,1,razor,fund,1
445,210,40-a,40,nonpun,1,razor,local,1
445,210,40-a,40,nonpun,1,razor,church,1
446,211,41-a,41,nonpun,1,knot,let's,1
447,212,42-a,42,nonpun,1,wood,father,1
447,212,42-a,42,nonpun,1,wood,not,1
447,212,42-a,42,nonpun,1,wood,let,1
447,212,42-a,42,nonpun,1,wood,go,1
447,212,42-a,42,nonpun,1,wood,party,1
448,213,43-a,43,nonpun,1,grader,cheese,1
448,213,43-a,43,nonpun,1,grader,slices,1
448,213,43-a,43,nonpun,1,grader,cheese,1
449,214,44-a,44,nonpun,1,eye,know,1
449,214,44-a,44,nonpun,1,eye,answer,1
450,215,45-a,45,nonpun,1,cell,car,1
450,215,45-a,45,nonpun,1,cell,good,1
450,215,45-a,45,nonpun,1,cell,price,1
451,216,46-a,46,nonpun,1,scent,stingy,1
451,216,46-a,46,nonpun,1,scent,not,1
451,216,46-a,46,nonpun,1,scent,even,1
451,216,46-a,46,nonpun,1,scent,let,1
451,216,46-a,46,nonpun,1,scent,borrow,1
452,217,47-a,47,nonpun,1,course,very,1
452,217,47-a,47,nonpun,1,course,hair,1
453,218,48-a,48,nonpun,1,deer,friend,1
454,219,49-a,49,nonpun,1,bee,okay,1
454,219,49-a,49,nonpun,1,bee,worry,1
455,220,50-a,50,nonpun,1,brake,leg,1
455,220,50-a,50,nonpun,1,brake,performance,1
456,221,51-a,51,nonpun,1,flour,picked,1
456,221,51-a,51,nonpun,1,flour,pretty,1
456,221,51-a,51,nonpun,1,flour,growing,1
456,221,51-a,51,nonpun,1,flour,among,1
456,221,51-a,51,nonpun,1,flour,weeds,1
457,222,52-a,52,nonpun,1,fare,rules,1
457,222,52-a,52,nonpun,1,fare,game,1
457,222,52-a,52,nonpun,1,fare,not,1
458,223,53-a,53,nonpun,1,heel,just,1
458,223,53-a,53,nonpun,1,heel,takes,1
458,223,53-a,53,nonpun,1,heel,time,1
458,223,53-a,53,nonpun,1,heel,wounds,1
459,224,54-a,54,nonpun,1,hymn,john,1
459,224,54-a,54,nonpun,1,hymn,likes,1
459,224,54-a,54,nonpun,1,hymn,sarah,1
459,224,54-a,54,nonpun,1,hymn,like,1
459,224,54-a,54,nonpun,1,hymn,back,1
460,225,55-a,55,nonpun,1,no's,almost,1
460,225,55-a,55,nonpun,1,no's,word,1
460,225,55-a,55,nonpun,1,no's,dictionary,1
461,226,56-a,56,nonpun,1,inn,come,1
461,226,56-a,56,nonpun,1,inn,room,1
461,226,56-a,56,nonpun,1,inn,close,1
461,226,56-a,56,nonpun,1,inn,door,1
462,227,57-a,57,nonpun,1,idol,just,1
462,227,57-a,57,nonpun,1,idol,sitting,1
462,227,57-a,57,nonpun,1,idol,doing,1
463,228,58-a,58,nonpun,1,maid,cake,1
464,229,59-a,59,nonpun,1,nun,made,1
464,229,59-a,59,nonpun,1,nun,sense,1
465,230,60-a,60,nonpun,1,mourning,woke,1
465,230,60-a,60,nonpun,1,mourning,up,1
465,230,60-a,60,nonpun,1,mourning,sun,1
465,230,60-a,60,nonpun,1,mourning,shining,1
466,231,61-a,61,nonpun,1,meat,pen,1
466,231,61-a,61,nonpun,1,meat,pals,1
466,231,61-a,61,nonpun,1,meat,finally,1
466,231,61-a,61,nonpun,1,meat,able,1
467,232,62-a,62,nonpun,1,reel,diamond,1
467,232,62-a,62,nonpun,1,reel,not,1
467,232,62-a,62,nonpun,1,reel,just,1
467,232,62-a,62,nonpun,1,reel,very,1
467,232,62-a,62,nonpun,1,reel,good,1
467,232,62-a,62,nonpun,1,reel,counterfeit,1
468,233,63-a,63,nonpun,1,pear,matching,1
468,233,63-a,63,nonpun,1,pear,socks,1
469,234,64-a,64,nonpun,1,pray,mouse,1
469,234,64-a,64,nonpun,1,pray,easily,1
469,234,64-a,64,nonpun,1,pray,eagle's,1
470,235,65-a,65,nonpun,1,root,take,1
470,235,65-a,65,nonpun,1,root,faster,1
470,235,65-a,65,nonpun,1,root,way,1
470,235,65-a,65,nonpun,1,root,home,1