pairID,sentenceID,sentenceType,homophoneID,version,m1,word,condition,dummy
1,1,pun,1,a,lion,circus,1,1
13,3,pun,3,a,cilia,ridiculous,1,1
25,4,pun,4,a,heir,house,1,1
37,6,pun,6,a,ambiance,driver,1,1
49,9,pun,9,a,math,class,1,1
61,11,pun,11,a,wicker,friends,1,1
73,13,pun,13,a,whirled,take,1,1
85,16,pun,16,a,bloom,flower,1,1
97,19,pun,19,a,salivation,bark,1,1
109,21,pun,21,a,braille,even,1,1
121,22,pun,22,a,sperm,y,1,1
133,23,pun,23,a,grime,hands,1,1
145,26,pun,26,a,hobbit,lord,1,1
157,28,pun,28,a,ohms,like,1,1
169,30,pun,30,a,tamper,allowed,1,1
181,32,pun,32,a,libel,things,1,1
193,35,pun,35,a,leafing,john,1,1
205,36,pun,36,a,yams,potatoes,1,1
217,37,pun,37,a,tolkien,i'd,1,1
229,40,pun,40,a,alkaline,problem,1,1
241,42,pun,42,a,aiken,starts,1,1
253,45,pun,45,a,fuchsia,years,1,1
265,47,pun,47,a,house,agent,1,1
277,49,pun,49,a,alp,ski,1,1
289,52,pun,52,a,odor,bottle,1,1
301,55,pun,55,a,crank,up,1,1
313,57,pun,57,a,decade,horrible,1,1
325,59,pun,59,a,grammatic,odd,1,1
337,61,pun,61,a,dublin,irish,1,1
349,63,pun,63,a,fridge,plumber,1,1
361,65,pun,65,a,revolution,orbit,1,1
373,66,pun,66,a,plants,business,1,1
385,68,pun,68,a,mimes,newspapers,1,1
397,70,pun,70,a,altitude,become,1,1
409,73,pun,73,a,digestion,weapons,1,1
421,76,pun,76,a,author,made,1,1
433,78,pun,78,a,paste,use,1,1
445,80,pun,80,a,scents,wear,1,1
457,82,pun,2,b,truth,tell,1,1
469,84,pun,4,b,hair,money,1,1
481,85,pun,5,b,closing,times,1,1
493,88,pun,8,b,reward,pun,1,1
505,90,pun,10,b,steeler,leaving,1,1
517,91,pun,11,b,wicked,sense,1,1
529,94,pun,14,b,scissors,mother,1,1
541,97,pun,17,b,free,buy,1,1
553,99,pun,19,b,salvation,birth,1,1
565,101,pun,21,b,bail,hope,1,1
577,102,pun,22,b,spur,just,1,1
589,105,pun,25,b,bones,hard,1,1
601,107,pun,27,b,screening,latest,1,1
613,109,pun,29,b,can't,need,1,1
625,111,pun,31,b,late,coffee,1,1
637,113,pun,33,b,twist,lovers,1,1
649,116,pun,36,b,lambs,just,1,1
661,117,pun,37,b,talking,dreaming,1,1
673,119,pun,39,b,raving,think,1,1
685,121,pun,41,b,slave,tolerate,1,1
697,124,pun,44,b,ante,uncles,1,1
709,125,pun,45,b,future,rely,1,1
721,128,pun,48,b,fire,vacationing,1,1
733,131,pun,51,b,been,perks,1,1
745,133,pun,53,b,lot,lights,1,1
757,136,pun,56,b,lag,suffer,1,1
769,138,pun,58,b,traumatic,post,1,1
781,140,pun,60,b,hostile,garden,1,1
793,142,pun,62,b,prison,colleague's,1,1
805,143,pun,63,b,bridge,under,1,1
817,146,pun,66,b,pants,twin,1,1
829,148,pun,68,b,minds,quietest,1,1
841,149,pun,69,b,littering,being,1,1
853,152,pun,72,b,next,vampires,1,1
865,154,pun,74,b,cream,copy,1,1
877,156,pun,76,b,offer,class,1,1
889,159,pun,79,b,express,good,1,1
901,161,nonpun,1,a,lion,owner,1,1
913,163,nonpun,3,a,cilia,cells,1,1
925,167,nonpun,7,a,perches,use,1,1
937,171,nonpun,11,a,wicker,chair,1,1
949,174,nonpun,14,a,caesars,behaves,1,1
961,177,nonpun,17,a,flea,fleas,1,1
973,183,nonpun,23,a,grime,buildings,1,1
985,185,nonpun,25,a,bonus,end,1,1
997,188,nonpun,28,a,ohms,used,1,1
1009,191,nonpun,31,a,latte,wake,1,1
1021,193,nonpun,33,a,tryst,trysts,1,1
1033,197,nonpun,37,a,tolkien,lord,1,1
1045,200,nonpun,40,a,alkaline,body's,1,1
1057,202,nonpun,42,a,aiken,american,1,1
1069,205,nonpun,45,a,fuchsia,flower,1,1
1081,209,nonpun,49,a,alp,mountain,1,1
1093,212,nonpun,52,a,odor,filled,1,1
1105,214,nonpun,54,a,pest,pests,1,1
1117,219,nonpun,59,a,grammatic,sentence,1,1
1129,223,nonpun,63,a,fridge,put,1,1
1141,226,nonpun,66,a,plants,animals,1,1
1153,229,nonpun,69,a,glittering,jewels,1,1
1165,233,nonpun,73,a,digestion,eat,1,1
1177,236,nonpun,76,a,author,famous,1,1
1189,238,nonpun,78,a,paste,notebook,1,1
1201,242,nonpun,2,b,truth,speaks,1,1
1213,245,nonpun,5,b,closing,meeting,1,1
1225,249,nonpun,9,b,mass,people,1,1
1237,252,nonpun,12,b,special,occasion,1,1
1249,256,nonpun,16,b,blue,green,1,1
1261,259,nonpun,19,b,salvation,woman's,1,1
1273,263,nonpun,23,b,crime,police,1,1
1285,266,nonpun,26,b,habit,bad,1,1
1297,270,nonpun,30,b,temper,bad,1,1
1309,273,nonpun,33,b,twist,pieces,1,1
1321,276,nonpun,36,b,lambs,dinner,1,1
1333,280,nonpun,40,b,alcohol,burns,1,1
1345,283,nonpun,43,b,irritation,irritationbut,1,1
1357,286,nonpun,46,b,tell,story,1,1
1369,290,nonpun,50,b,guarding,just,1,1
1381,293,nonpun,53,b,lot,car,1,1
1393,296,nonpun,56,b,lag,later,1,1
1405,299,nonpun,59,b,traumatic,scarred,1,1
1417,303,nonpun,63,b,bridge,river,1,1
1429,306,nonpun,66,b,pants,put,1,1
1441,310,nonpun,70,b,attitude,good,1,1
1453,313,nonpun,73,b,destruction,buildings,1,1
1465,317,nonpun,77,b,sauce,love,1,1
1477,320,nonpun,80,b,sense,good,1,1
2,1,pun,1,a,lion,truck,2,1
14,3,pun,3,a,cilia,symmetrical,2,1
26,4,pun,4,a,heir,extension,2,1
38,7,pun,7,a,perches,pet,2,1
50,9,pun,9,a,math,weapon,2,1
62,11,pun,11,a,wicker,getting,2,1
74,13,pun,13,a,whirled,turn,2,1
86,16,pun,16,a,bloom,show,2,1
98,19,pun,19,a,salivation,kennel,2,1
110,21,pun,21,a,braille,ashley,2,1
122,22,pun,22,a,sperm,chromosome,2,1
134,24,pun,24,a,epoch,grandparents,2,1
146,26,pun,26,a,hobbit,rings,2,1
158,28,pun,28,a,ohms,stay,2,1
170,30,pun,30,a,tamper,make,2,1
182,32,pun,32,a,libel,sue,2,1
194,35,pun,35,a,leafing,plans,2,1
206,36,pun,36,a,yams,called,2,1
218,37,pun,37,a,tolkien,sleep,2,1
230,40,pun,40,a,alkaline,went,2,1
242,42,pun,42,a,aiken,clay,2,1
254,45,pun,45,a,fuchsia,resolution,2,1
266,47,pun,47,a,house,said,2,1
278,49,pun,49,a,alp,lot,2,1
290,52,pun,52,a,odor,out,2,1
302,55,pun,55,a,crank,work,2,1
314,57,pun,57,a,decade,tooth,2,1
326,59,pun,59,a,grammatic,being,2,1
338,61,pun,61,a,dublin,rich,2,1
350,63,pun,63,a,fridge,explained,2,1
362,65,pun,65,a,revolution,january,2,1
374,66,pun,66,a,plants,sisterhood,2,1
386,68,pun,68,a,mimes,called,2,1
398,70,pun,70,a,altitude,pilot,2,1
410,73,pun,73,a,digestion,mass,2,1
422,76,pun,76,a,author,mario,2,1
434,78,pun,78,a,paste,glue,2,1
446,80,pun,80,a,scents,$20000,2,1
458,82,pun,2,b,truth,patient,2,1
470,84,pun,4,b,hair,inherited,2,1
482,86,pun,6,b,ambulance,paramedic,2,1
494,89,pun,9,b,mass,rubber,2,1
506,90,pun,10,b,steeler,clue,2,1
518,91,pun,11,b,wicked,humor,2,1
530,94,pun,14,b,scissors,cautioned,2,1
542,97,pun,17,b,free,dog,2,1
554,99,pun,19,b,salvation,army,2,1
566,101,pun,21,b,bail,out,2,1
578,102,pun,22,b,spur,moment,2,1
590,105,pun,25,b,bones,worked,2,1
602,107,pun,27,b,screening,horror,2,1
614,109,pun,29,b,can't,philosophy,2,1
626,111,pun,31,b,late,shop,2,1
638,113,pun,33,b,twist,plot,2,1
650,116,pun,36,b,lambs,time,2,1
662,117,pun,37,b,talking,written,2,1
674,119,pun,39,b,raving,edgar,2,1
686,121,pun,41,b,slave,beards,2,1
698,124,pun,44,b,ante,bet,2,1
710,126,pun,46,b,tell,organic,2,1
722,128,pun,48,b,fire,ireland,2,1
734,131,pun,51,b,been,those,2,1
746,133,pun,53,b,lot,thanks,2,1
758,136,pun,56,b,lag,jet,2,1
770,138,pun,58,b,traumatic,stress,2,1
782,140,pun,60,b,hostile,club,2,1
794,142,pun,62,b,prison,bifocals,2,1
806,144,pun,64,b,chief,robber,2,1
818,146,pun,66,b,pants,girls,2,1
830,148,pun,68,b,minds,burglars,2,1
842,149,pun,69,b,littering,suspiciously,2,1
854,152,pun,72,b,next,looking,2,1
866,154,pun,74,b,cream,paper,2,1
878,156,pun,76,b,offer,made,2,1
890,159,pun,79,b,express,making,2,1
902,161,nonpun,1,a,lion,takes,2,1
914,164,nonpun,4,a,heir,prince,2,1
926,167,nonpun,7,a,perches,sunny,2,1
938,171,nonpun,11,a,wicker,made,2,1
950,174,nonpun,14,a,caesars,like,2,1
962,178,nonpun,18,a,fillings,dentist,2,1
974,183,nonpun,23,a,grime,covered,2,1
986,185,nonpun,25,a,bonus,year,2,1
998,188,nonpun,28,a,ohms,measure,2,1
1010,191,nonpun,31,a,latte,up,2,1
1022,194,nonpun,34,a,propane,burns,2,1
1034,197,nonpun,37,a,tolkien,rings,2,1
1046,200,nonpun,40,a,alkaline,ideal,2,1
1058,202,nonpun,42,a,aiken,idol,2,1
1070,206,nonpun,46,a,till,farmers,2,1
1082,210,nonpun,50,a,garden,small,2,1
1094,212,nonpun,52,a,odor,air,2,1
1106,215,nonpun,55,a,crank,morning,2,1
1118,219,nonpun,59,a,grammatic,unusual,2,1
1130,223,nonpun,63,a,fridge,milk,2,1
1142,226,nonpun,66,a,plants,not,2,1
1154,229,nonpun,69,a,glittering,sun,2,1
1166,234,nonpun,74,a,ream,office,2,1
1178,236,nonpun,76,a,author,authors,2,1
1190,239,nonpun,79,a,espresso,like,2,1
1202,243,nonpun,3,b,sillier,drinks,2,1
1214,246,nonpun,6,b,ambulance,came,2,1
1226,249,nonpun,9,b,mass,town,2,1
1238,253,nonpun,13,b,world,possible,2,1
1250,257,nonpun,17,b,free,twenty,2,1
1262,260,nonpun,20,b,office,skyscraper,2,1
1274,263,nonpun,23,b,crime,fight,2,1
1286,267,nonpun,27,b,screening,went,2,1
1298,270,nonpun,30,b,temper,easily,2,1
1310,273,nonpun,33,b,twist,thread,2,1
1322,277,nonpun,37,b,talking,friend,2,1
1334,280,nonpun,40,b,alcohol,easily,2,1
1346,283,nonpun,43,b,irritation,showed,2,1
1358,286,nonpun,46,b,tell,child,2,1
1370,290,nonpun,50,b,guarding,house,2,1
1382,293,nonpun,53,b,lot,parking,2,1
1394,297,nonpun,57,b,decay,tooth,2,1
1406,300,nonpun,60,b,hostile,driver,2,1
1418,304,nonpun,64,b,chief,leader,2,1
1430,306,nonpun,66,b,pants,pair,2,1
1442,310,nonpun,70,b,attitude,work,2,1
1454,313,nonpun,73,b,destruction,trees,2,1
1466,317,nonpun,77,b,sauce,eat,2,1
1478,320,nonpun,80,b,sense,business,2,1
3,1,pun,1,a,lion,driver,3,1
15,3,pun,3,a,cilia,eyelashes,3,1
27,5,pun,5,a,clothing,men's,3,1
39,7,pun,7,a,perches,store,3,1
51,9,pun,9,a,math,disruption,3,1
63,11,pun,11,a,wicker,hit,3,1
75,13,pun,13,a,whirled,traveler,3,1
87,16,pun,16,a,bloom,prize,3,1
99,19,pun,19,a,salivation,novel,3,1
111,21,pun,21,a,braille,blind,3,1
123,22,pun,22,a,sperm,father,3,1
135,24,pun,24,a,epoch,faces,3,1
147,26,pun,26,a,hobbit,guess,3,1
159,28,pun,28,a,ohms,current,3,1
171,30,pun,30,a,tamper,espresso,3,1
183,33,pun,33,a,tryst,novel,3,1
195,35,pun,35,a,leafing,retire,3,1
207,36,pun,36,a,yams,the,3,1
219,38,pun,38,a,magnate,people,3,1
231,40,pun,40,a,alkaline,aa,3,1
243,42,pun,42,a,aiken,sings,3,1
255,45,pun,45,a,fuchsia,bankrupt,3,1
267,47,pun,47,a,house,going,3,1
279,50,pun,50,a,garden,scarecrows,3,1
291,53,pun,53,a,watt,sign,3,1
303,55,pun,55,a,crank,dawn,3,1
315,58,pun,58,a,dramatic,actor,3,1
327,59,pun,59,a,grammatic,fired,3,1
339,61,pun,61,a,dublin,capital,3,1
351,63,pun,63,a,fridge,problem,3,1
363,65,pun,65,a,revolution,1st,3,1
375,66,pun,66,a,plants,traveling,3,1
387,68,pun,68,a,mimes,criminal,3,1
399,70,pun,70,a,altitude,requires,3,1
411,74,pun,74,a,ream,brand,3,1
423,76,pun,76,a,author,puzo's,3,1
435,78,pun,78,a,paste,class,3,1
447,80,pun,80,a,scents,perfume,3,1
459,82,pun,2,b,truth,whole,3,1
471,84,pun,4,b,hair,late,3,1
483,86,pun,6,b,ambulance,got,3,1
495,89,pun,9,b,mass,band,3,1
507,90,pun,10,b,steeler,called,3,1
519,92,pun,12,b,special,aliens,3,1
531,94,pun,14,b,scissors,not,3,1
543,97,pun,17,b,free,get,3,1
555,100,pun,20,b,office,dentists,3,1
567,102,pun,22,b,spur,even,3,1
579,102,pun,22,b,spur,decision,3,1
591,105,pun,25,b,bones,fingers,3,1
603,107,pun,27,b,screening,movie,3,1
615,109,pun,29,b,can't,homework,3,1
627,111,pun,31,b,late,you'll,3,1
639,114,pun,34,b,profane,inflammatory,3,1
651,116,pun,36,b,lambs,thanksgiving,3,1
663,117,pun,37,b,talking,lord,3,1
675,119,pun,39,b,raving,allan,3,1
687,121,pun,41,b,slave,mustaches,3,1
699,124,pun,44,b,ante,get,3,1
711,126,pun,46,b,tell,farms,3,1
723,128,pun,48,b,fire,walking,3,1
735,131,pun,51,b,been,lucky,3,1
747,134,pun,54,b,best,children,3,1
759,137,pun,57,b,decay,ten,3,1
771,138,pun,58,b,traumatic,disorder,3,1
783,140,pun,60,b,hostile,visited,3,1
795,142,pun,62,b,prison,sentenced,3,1
807,144,pun,64,b,chief,baron,3,1
819,146,pun,66,b,pants,rented,3,1
831,148,pun,68,b,minds,history,3,1
843,149,pun,69,b,littering,high,3,1
855,152,pun,72,b,next,victim,3,1
867,154,pun,74,b,cream,money,3,1
879,156,pun,76,b,offer,refuse,3,1
891,159,pun,79,b,express,coffee,3,1
903,161,nonpun,1,a,lion,lion's,3,1
915,164,nonpun,4,a,heir,william,3,1
927,167,nonpun,7,a,perches,sides,3,1
939,172,nonpun,12,a,spatial,good,3,1
951,174,nonpun,14,a,caesars,caesar,3,1
963,178,nonpun,18,a,fillings,replaced,3,1
975,184,nonpun,24,a,epoch,end,3,1
987,186,nonpun,26,a,hobbit,favorite,3,1
999,188,nonpun,28,a,ohms,electrical,3,1
1011,192,nonpun,32,a,libel,tabloid,3,1
1023,194,nonpun,34,a,propane,gas,3,1
1035,198,nonpun,38,a,magnate,coal,3,1
1047,200,nonpun,40,a,alkaline,ph,3,1
1059,203,nonpun,43,a,irrigation,irrigation is,3,1
1071,206,nonpun,46,a,till,soil,3,1
1083,210,nonpun,50,a,garden,flower,3,1
1095,213,nonpun,53,a,watt,desk,3,1
1107,216,nonpun,56,a,leg,runners,3,1
1119,219,nonpun,59,a,grammatic,structure,3,1
1131,223,nonpun,63,a,fridge,meat,3,1
1143,226,nonpun,66,a,plants,live,3,1
1155,230,nonpun,70,a,altitude,airplane,3,1
1167,234,nonpun,74,a,ream,uses,3,1
1179,236,nonpun,76,a,author,spanish,3,1
1191,239,nonpun,79,a,espresso,dinner,3,1
1203,243,nonpun,3,b,sillier,wine,3,1
1215,246,nonpun,6,b,ambulance,car,3,1
1227,249,nonpun,9,b,mass,square,3,1
1239,253,nonpun,13,b,world,fly,3,1
1251,257,nonpun,17,b,free,years,3,1
1263,261,nonpun,21,b,bail,posted,3,1
1275,263,nonpun,23,b,crime,murder,3,1
1287,267,nonpun,27,b,screening,movie,3,1
1299,270,nonpun,30,b,temper,angered,3,1
1311,273,nonpun,33,b,twist,needle,3,1
1323,277,nonpun,37,b,talking,whole,3,1
1335,281,nonpun,41,b,slave,boss,3,1
1347,283,nonpun,43,b,irritation,face,3,1
1359,286,nonpun,46,b,tell,night,3,1
1371,290,nonpun,50,b,guarding,mean,3,1
1383,294,nonpun,54,b,best,student,3,1
1395,297,nonpun,57,b,decay,result,3,1
1407,300,nonpun,60,b,hostile,attitude,3,1
1419,304,nonpun,64,b,chief,native,3,1
1431,307,nonpun,67,b,insider,trading,3,1
1443,311,nonpun,71,b,presents,wait,3,1
1455,314,nonpun,74,b,cream,butter,3,1
1467,317,nonpun,77,b,sauce,chocolate,3,1
4,1,pun,1,a,lion,refused,4,1
16,3,pun,3,a,cilia,even,4,1
28,5,pun,5,a,clothing,wear,4,1
40,7,pun,7,a,perches,bird,4,1
52,10,pun,10,a,stealer,thief,4,1
64,11,pun,11,a,wicker,basket,4,1
76,14,pun,14,a,caesars,young,4,1
88,16,pun,16,a,bloom,ribbon,4,1
100,19,pun,19,a,salivation,ivan,4,1
112,21,pun,21,a,braille,under,4,1
124,22,pun,22,a,sperm,chooses,4,1
136,24,pun,24,a,epoch,full,4,1
148,26,pun,26,a,hobbit,just,4,1
160,28,pun,28,a,ohms,electrifying,4,1
172,30,pun,30,a,tamper,lose,4,1
184,33,pun,33,a,tryst,unexpected,4,1
196,35,pun,35,a,leafing,spring,4,1
208,36,pun,36,a,yams,silence,4,1
220,38,pun,38,a,magnate,strongly,4,1
232,40,pun,40,a,alkaline,meetings,4,1
244,43,pun,43,a,irrigation,neighbor's,4,1
256,45,pun,45,a,fuchsia,gardener,4,1
268,48,pun,48,a,eire,people,4,1
280,50,pun,50,a,garden,patch,4,1
292,53,pun,53,a,watt,please,4,1
304,56,pun,56,a,leg,planes,4,1
316,58,pun,58,a,dramatic,quite,4,1
328,59,pun,59,a,grammatic,post,4,1
340,62,pun,62,a,prism,optical,4,1
352,63,pun,63,a,fridge,kitchen,4,1
364,65,pun,65,a,revolution,causing,4,1
376,67,pun,67,a,incisor,dentist,4,1
388,69,pun,69,a,glittering,tinker,4,1
400,70,pun,70,a,altitude,good,4,1
412,74,pun,74,a,ream,name,4,1
424,76,pun,76,a,author,books,4,1
436,78,pun,78,a,paste,careful,4,1
448,80,pun,80,a,scents,obviously,4,1
460,83,pun,3,b,sillier,handlebar,4,1
472,84,pun,4,b,hair,father,4,1
484,86,pun,6,b,ambulance,new,4,1
496,89,pun,9,b,mass,pistol,4,1
508,90,pun,10,b,steeler,stainless,4,1
520,92,pun,12,b,special,lovable,4,1
532,94,pun,14,b,scissors,run,4,1
544,98,pun,18,b,feelings,kind,4,1
556,100,pun,20,b,office,like,4,1
568,102,pun,22,b,spur,contributes,4,1
580,103,pun,23,b,crime,children,4,1
592,106,pun,26,b,habit,keep,4,1
604,107,pun,27,b,screening,i've,4,1
616,109,pun,29,b,can't,just,4,1
628,111,pun,31,b,late,work,4,1
640,114,pun,34,b,profane,talk,4,1
652,116,pun,36,b,lambs,blockbuster,4,1
664,117,pun,37,b,talking,rings,4,1
676,119,pun,39,b,raving,poe,4,1
688,121,pun,41,b,slave,real,4,1
700,124,pun,44,b,ante,married,4,1
712,126,pun,46,b,tell,like,4,1
724,129,pun,49,b,help,people,4,1
736,132,pun,52,b,order,sign,4,1
748,134,pun,54,b,best,behavior,4,1
760,137,pun,57,b,decay,years,4,1
772,139,pun,59,b,traumatic,english,4,1
784,140,pun,60,b,hostile,nursery,4,1
796,142,pun,62,b,prison,three,4,1
808,144,pun,64,b,chief,commander,4,1
820,146,pun,66,b,pants,flora,4,1
832,148,pun,68,b,minds,new,4,1
844,149,pun,69,b,littering,end,4,1
856,153,pun,73,b,destruction,villain,4,1
868,154,pun,74,b,cream,buy,4,1
880,157,pun,77,b,sauce,crop,4,1
892,159,pun,79,b,express,really,4,1
904,161,nonpun,1,a,lion,share,4,1
916,164,nonpun,4,a,heir,british,4,1
928,167,nonpun,7,a,perches,roofs,4,1
940,172,nonpun,12,a,spatial,skills,4,1
952,174,nonpun,14,a,caesars,employees,4,1
964,178,nonpun,18,a,fillings,lost ,4,1
976,184,nonpun,24,a,epoch,nuclear,4,1
988,186,nonpun,26,a,hobbit,creatures,4,1
1000,188,nonpun,28,a,ohms,resistance,4,1
1012,192,nonpun,32,a,libel,newspaper,4,1
1024,194,nonpun,34,a,propane,stove,4,1
1036,198,nonpun,38,a,magnate,iron,4,1
1048,200,nonpun,40,a,alkaline,balance,4,1
1060,203,nonpun,43,a,irrigation,artificial,4,1
1072,206,nonpun,46,a,till,springtime ,4,1
1084,210,nonpun,50,a,garden,house ,4,1
1096,213,nonpun,53,a,watt,lamp,4,1
1108,216,nonpun,56,a,leg,need,4,1
1120,220,nonpun,60,a,hosta,beautiful,4,1
1132,224,nonpun,64,a,thief,stole,4,1
1144,227,nonpun,67,a,incisor,rats,4,1
1156,230,nonpun,70,a,altitude,flying,4,1
1168,234,nonpun,74,a,ream,20,4,1
1180,236,nonpun,76,a,author,language,4,1
1192,240,nonpun,80,a,scents,scent,4,1
1204,243,nonpun,3,b,sillier,starts,4,1
1216,246,nonpun,6,b,ambulance,accident,4,1
1228,249,nonpun,9,b,mass,concert,4,1
1240,253,nonpun,13,b,world,airplane ,4,1
1252,257,nonpun,17,b,free,prison,4,1
1264,261,nonpun,21,b,bail,$5000,4,1
1276,263,nonpun,23,b,crime,theft,4,1
1288,267,nonpun,27,b,screening,together,4,1
1300,271,nonpun,31,b,late,meeting,4,1
1312,274,nonpun,34,b,profane,man,4,1
1324,277,nonpun,37,b,talking,time,4,1
1336,281,nonpun,41,b,slave,told,4,1
1348,284,nonpun,44,b,ante,made,4,1
1360,287,nonpun,47,b,how's,asked,4,1
1372,290,nonpun,50,b,guarding,scare,4,1
1384,294,nonpun,54,b,best,class,4,1
1396,297,nonpun,57,b,decay,poor,4,1
1408,301,nonpun,61,b,doubling,amount,4,1
1420,304,nonpun,64,b,chief,american,4,1
1432,307,nonpun,67,b,insider,get,4,1
1444,311,nonpun,71,b,presents,open,4,1
1456,314,nonpun,74,b,cream,made,4,1
1468,317,nonpun,77,b,sauce,vanilla,4,1
5,1,pun,1,a,lion,tow,5,1
17,4,pun,4,a,heir,man,5,1
29,5,pun,5,a,clothing,store,5,1
41,7,pun,7,a,perches,contest,5,1
53,10,pun,10,a,stealer,stole,5,1
65,11,pun,11,a,wicker,aron,5,1
77,14,pun,14,a,caesars,boy,5,1
89,17,pun,17,a,flea,pet,5,1
101,19,pun,19,a,salivation,pavlov,5,1
113,21,pun,21,a,braille,arrest,5,1
125,22,pun,22,a,sperm,sex,5,1
137,24,pun,24,a,epoch,marks,5,1
149,26,pun,26,a,hobbit,force,5,1
161,28,pun,28,a,ohms,adventures,5,1
173,31,pun,31,a,latte,spend,5,1
185,33,pun,33,a,tryst,secret,5,1
197,35,pun,35,a,leafing,like,5,1
209,37,pun,37,a,tolkien,night,5,1
221,38,pun,38,a,magnate,attracted,5,1
233,41,pun,41,a,shave,boss,5,1
245,43,pun,43,a,irrigation,sprinkler,5,1
257,45,pun,45,a,fuchsia,forget,5,1
269,48,pun,48,a,eire,happy,5,1
281,51,pun,51,a,bean,selling,5,1
293,53,pun,53,a,watt,turn,5,1
305,56,pun,56,a,leg,cramped,5,1
317,58,pun,58,a,dramatic,right,5,1
329,59,pun,59,a,grammatic,stress,5,1
341,62,pun,62,a,prism,scientist,5,1
353,63,pun,63,a,fridge,just,5,1
365,65,pun,65,a,revolution,new,5,1
377,67,pun,67,a,incisor,convicted,5,1
389,69,pun,69,a,glittering,bell,5,1
401,71,pun,71,a,presence,christmas,5,1
413,74,pun,74,a,ream,highest,5,1
425,76,pun,76,a,author,required,5,1
437,79,pun,79,a,espresso,why,5,1
449,80,pun,80,a,scents,known,5,1
461,83,pun,3,b,sillier,mustache,5,1
473,84,pun,4,b,hair,put,5,1
485,86,pun,6,b,ambulance,job,5,1
497,89,pun,9,b,mass,confiscated,5,1
509,91,pun,11,b,wicked,getting,5,1
521,93,pun,13,b,world,astronaut,5,1
533,95,pun,15,b,lunch,astronauts,5,1
545,98,pun,18,b,feelings,dentist,5,1
557,100,pun,20,b,office,hard,5,1
569,102,pun,22,b,spur,either,5,1
581,103,pun,23,b,crime,eat,5,1
593,106,pun,26,b,habit,reading,5,1
605,107,pun,27,b,screening,arranged,5,1
617,110,pun,30,b,temper,barista,5,1
629,112,pun,32,b,liable,write,5,1
641,114,pun,34,b,profane,seen,5,1
653,116,pun,36,b,lambs,movie,5,1
665,117,pun,37,b,talking,wife,5,1
677,119,pun,39,b,raving,madman,5,1
689,121,pun,41,b,slave,driver,5,1
701,124,pun,44,b,ante,upped,5,1
713,127,pun,47,b,how's,real,5,1
725,129,pun,49,b,help,switzerland,5,1
737,132,pun,52,b,order,broken,5,1
749,135,pun,55,b,crack,people,5,1
761,137,pun,57,b,decay,brushing,5,1
773,139,pun,59,b,traumatic,teacher,5,1
785,140,pun,60,b,hostile,found,5,1
797,142,pun,62,b,prison,years,5,1
809,145,pun,65,b,resolution,satellite,5,1
821,146,pun,66,b,pants,offices,5,1
833,148,pun,68,b,minds,york,5,1
845,149,pun,69,b,littering,only,5,1
857,153,pun,73,b,destruction,call,5,1
869,154,pun,74,b,cream,crop,5,1
881,157,pun,77,b,sauce,destroyed,5,1
893,159,pun,79,b,express,know,5,1
905,161,nonpun,1,a,lion,profits,5,1
917,164,nonpun,4,a,heir,throne,5,1
929,168,nonpun,8,a,reword,mayor,5,1
941,172,nonpun,12,a,spatial,knows,5,1
953,175,nonpun,15,a,launch,space,5,1
965,179,nonpun,19,a,salivation,dog's,5,1
977,184,nonpun,24,a,epoch,arms,5,1
989,186,nonpun,26,a,hobbit,lord,5,1
1001,189,nonpun,29,a,kant,german,5,1
1013,192,nonpun,32,a,libel,libeled,5,1
1025,195,nonpun,35,a,leafing,saw,5,1
1037,198,nonpun,38,a,magnate,australia,5,1
1049,201,nonpun,41,a,shave,beard,5,1
1061,203,nonpun,43,a,irrigation,application,5,1
1073,207,nonpun,47,a,house,located,5,1
1085,211,nonpun,51,a,bean,like,5,1
1097,213,nonpun,53,a,watt,uses,5,1
1109,216,nonpun,56,a,leg,strong,5,1
1121,220,nonpun,60,a,hosta,plant,5,1
1133,224,nonpun,64,a,thief,luggage,5,1
1145,227,nonpun,67,a,incisor,tore,5,1
1157,230,nonpun,70,a,altitude,35000,5,1
1169,234,nonpun,74,a,ream,reams,5,1
1181,237,nonpun,77,a,source,difficulties,5,1
1193,240,nonpun,80,a,scents,flowers,5,1
1205,243,nonpun,3,b,sillier,acting,5,1
1217,246,nonpun,6,b,ambulance,minutes,5,1
1229,250,nonpun,10,b,steeler,covered,5,1
1241,254,nonpun,14,b,scissors,hairdressers,5,1
1253,257,nonpun,17,b,free,man,5,1
1265,261,nonpun,21,b,bail,brother's,5,1
1277,263,nonpun,23,b,crime,drug,5,1
1289,268,nonpun,28,b,holmes,really,5,1
1301,272,nonpun,32,b,liable,rental,5,1
1313,274,nonpun,34,b,profane,uses,5,1
1325,278,nonpun,38,b,magnet,desk,5,1
1337,281,nonpun,41,b,slave,work,5,1
1349,284,nonpun,44,b,ante,offer,5,1
1361,287,nonpun,47,b,how's,going,5,1
1373,291,nonpun,51,b,been,long,5,1
1385,295,nonpun,55,b,crack,drinking,5,1
1397,297,nonpun,57,b,decay,dental,5,1
1409,301,nonpun,61,b,doubling,business,5,1
1421,304,nonpun,64,b,chief,tribe,5,1
1433,307,nonpun,67,b,insider,lot,5,1
1445,311,nonpun,71,b,presents,christmas,5,1
1457,315,nonpun,75,b,see,able,5,1
1469,317,nonpun,77,b,sauce,ice,5,1
6,2,pun,2,a,tooth,dentist,6,1
18,4,pun,4,a,heir,used,6,1
30,5,pun,5,a,clothing,opening,6,1
42,7,pun,7,a,perches,necessary,6,1
54,10,pun,10,a,stealer,cutlery,6,1
66,11,pun,11,a,wicker,knew,6,1
78,14,pun,14,a,caesars,brutus',6,1
90,17,pun,17,a,flea,store,6,1
102,19,pun,19,a,salivation,chronicles,6,1
114,21,pun,21,a,braille,still,6,1
126,22,pun,22,a,sperm,child,6,1
138,25,pun,25,a,bonus,labored,6,1
150,27,pun,27,a,screaming,like,6,1
162,28,pun,28,a,ohms,sherlock,6,1
174,31,pun,31,a,latte,time,6,1
186,33,pun,33,a,tryst,meeting,6,1
198,35,pun,35,a,leafing,trees,6,1
210,37,pun,37,a,tolkien,kept,6,1
222,39,pun,39,a,raven,people,6,1
234,41,pun,41,a,shave,not,6,1
246,43,pun,43,a,irrigation,constant,6,1
258,45,pun,45,a,fuchsia,past,6,1
270,48,pun,48,a,eire,time,6,1
282,51,pun,51,a,bean,coffee,6,1
294,53,pun,53,a,watt,out,6,1
306,56,pun,56,a,leg,passengers,6,1
318,58,pun,58,a,dramatic,retired,6,1
330,59,pun,59,a,grammatic,disorder,6,1
342,62,pun,62,a,prism,stole,6,1
354,63,pun,63,a,fridge,water,6,1
366,65,pun,65,a,revolution,year's,6,1
378,67,pun,67,a,incisor,trading,6,1
390,69,pun,69,a,glittering,arrested,6,1
402,71,pun,71,a,presence,people's,6,1
414,74,pun,74,a,ream,quality,6,1
426,76,pun,76,a,author,reading,6,1
438,79,pun,79,a,espresso,italians,6,1
450,80,pun,80,a,scents,common,6,1
462,83,pun,3,b,sillier,look,6,1
474,84,pun,4,b,hair,addition,6,1
486,86,pun,6,b,ambulance,chauffeur,6,1
498,89,pun,9,b,mass,algebra,6,1
510,91,pun,11,b,wicked,pranked,6,1
522,93,pun,13,b,world,gets,6,1
534,95,pun,15,b,lunch,like,6,1
546,99,pun,19,b,salvation,bell,6,1
558,100,pun,20,b,office,day,6,1
570,102,pun,22,b,spur,x,6,1
582,103,pun,23,b,crime,washing,6,1
594,106,pun,26,b,habit,the,6,1
606,107,pun,27,b,screening,private,6,1
618,110,pun,30,b,temper,not,6,1
630,112,pun,32,b,liable,bad,6,1
642,114,pun,34,b,profane,language,6,1
654,116,pun,36,b,lambs,sweet,6,1
666,117,pun,37,b,talking,said,6,1
678,120,pun,40,b,alcohol,battery,6,1
690,122,pun,42,b,aching,heart,6,1
702,125,pun,45,b,future,new,6,1
714,127,pun,47,b,how's,estate,6,1
726,129,pun,49,b,help,learn,6,1
738,132,pun,52,b,order,perfume,6,1
750,135,pun,55,b,crack,get,6,1
762,137,pun,57,b,decay,causes,6,1
774,139,pun,59,b,traumatic,felt,6,1
786,140,pun,60,b,hostile,environment,6,1
798,142,pun,62,b,prison,state,6,1
810,145,pun,65,b,resolution,went,6,1
822,146,pun,66,b,pants,called,6,1
834,148,pun,68,b,minds,city,6,1
846,149,pun,69,b,littering,fined,6,1
858,153,pun,73,b,destruction,silverware,6,1
870,155,pun,75,b,see,get,6,1
882,157,pun,77,b,sauce,cranberry,6,1
894,160,pun,80,b,sense,women,6,1
906,161,nonpun,1,a,lion,company,6,1
918,165,nonpun,5,a,clothing,food,6,1
930,168,nonpun,8,a,reword,reworded,6,1
942,172,nonpun,12,a,spatial,build,6,1
954,175,nonpun,15,a,launch,took,6,1
966,179,nonpun,19,a,salivation,carpet,6,1
978,184,nonpun,24,a,epoch,race,6,1
990,186,nonpun,26,a,hobbit,rings,6,1
1002,189,nonpun,29,a,kant,philosopher,6,1
1014,192,nonpun,32,a,libel,movie,6,1
1026,195,nonpun,35,a,leafing,pages,6,1
1038,199,nonpun,39,a,raven,large,6,1
1050,201,nonpun,41,a,shave,growing,6,1
1062,203,nonpun,43,a,irrigation,water,6,1
1074,207,nonpun,47,a,house,corner,6,1
1086,211,nonpun,51,a,bean,eat,6,1
1098,213,nonpun,53,a,watt,60-watt,6,1
1110,216,nonpun,56,a,leg,legs,6,1
1122,221,nonpun,61,a,dublin,capital,6,1
1134,224,nonpun,64,a,thief,airport,6,1
1146,227,nonpun,67,a,incisor,meat,6,1
1158,230,nonpun,70,a,altitude,feet,6,1
1170,234,nonpun,74,a,ream,paper,6,1
1182,237,nonpun,77,a,source,not,6,1
1194,240,nonpun,80,a,scents,relaxes,6,1
1206,244,nonpun,4,b,hair,found,6,1
1218,247,nonpun,7,b,purchase,decided,6,1
1230,250,nonpun,10,b,steeler,steel,6,1
1242,254,nonpun,14,b,scissors,use,6,1
1254,258,nonpun,18,b,feelings,strong,6,1
1266,261,nonpun,21,b,bail,release,6,1
1278,263,nonpun,23,b,crime,dealing,6,1
1290,268,nonpun,28,b,holmes,like,6,1
1302,272,nonpun,32,b,liable,contracts,6,1
1314,274,nonpun,34,b,profane,language,6,1
1326,278,nonpun,38,b,magnet,holds,6,1
1338,281,nonpun,41,b,slave,late,6,1
1350,284,nonpun,44,b,ante,buy,6,1
1362,288,nonpun,48,b,fire,sat,6,1
1374,291,nonpun,51,b,been,time,6,1
1386,295,nonpun,55,b,crack,glass,6,1
1398,297,nonpun,57,b,decay,hygiene,6,1
1410,301,nonpun,61,b,doubling,makes,6,1
1422,304,nonpun,64,b,chief,known,6,1
1434,307,nonpun,67,b,insider,trouble,6,1
1446,312,nonpun,72,b,next,time,6,1
1458,315,nonpun,75,b,see,clearly,6,1
1470,317,nonpun,77,b,sauce,cream,6,1
7,2,pun,2,a,tooth,tell,7,1
19,4,pun,4,a,heir,money,7,1
31,5,pun,5,a,clothing,times,7,1
43,8,pun,8,a,reword,pun,7,1
55,10,pun,10,a,stealer,leaving,7,1
67,11,pun,11,a,wicker,sense,7,1
79,14,pun,14,a,caesars,mother,7,1
91,17,pun,17,a,flea,buy,7,1
103,19,pun,19,a,salivation,birth,7,1
115,21,pun,21,a,braille,hope,7,1
127,22,pun,22,a,sperm,just,7,1
139,25,pun,25,a,bonus,hard,7,1
151,27,pun,27,a,screaming,latest,7,1
163,29,pun,29,a,kant,need,7,1
175,31,pun,31,a,latte,coffee,7,1
187,33,pun,33,a,tryst,lovers,7,1
199,36,pun,36,a,yams,just,7,1
211,37,pun,37,a,tolkien,dreaming,7,1
223,39,pun,39,a,raven,think,7,1
235,41,pun,41,a,shave,tolerate,7,1
247,44,pun,44,a,auntie,uncles,7,1
259,45,pun,45,a,fuchsia,rely,7,1
271,48,pun,48,a,eire,vacationing,7,1
283,51,pun,51,a,bean,perks,7,1
295,53,pun,53,a,watt,lights,7,1
307,56,pun,56,a,leg,suffer,7,1
319,58,pun,58,a,dramatic,post,7,1
331,60,pun,60,a,hosta,garden,7,1
343,62,pun,62,a,prism,colleague's,7,1
355,63,pun,63,a,fridge,under,7,1
367,66,pun,66,a,plants,twin,7,1
379,68,pun,68,a,mimes,quietest,7,1
391,69,pun,69,a,glittering,being,7,1
403,72,pun,72,a,necks,vampires,7,1
415,74,pun,74,a,ream,copy,7,1
427,76,pun,76,a,author,class,7,1
439,79,pun,79,a,espresso,good,7,1
451,81,pun,1,b,line,circus,7,1
463,83,pun,3,b,sillier,ridiculous,7,1
475,84,pun,4,b,hair,house,7,1
487,86,pun,6,b,ambulance,driver,7,1
499,89,pun,9,b,mass,class,7,1
511,91,pun,11,b,wicked,friends,7,1
523,93,pun,13,b,world,take,7,1
535,96,pun,16,b,blue,flower,7,1
547,99,pun,19,b,salvation,bark,7,1
559,101,pun,21,b,bail,even,7,1
571,102,pun,22,b,spur,y,7,1
583,103,pun,23,b,crime,hands,7,1
595,106,pun,26,b,habit,lord,7,1
607,108,pun,28,b,holmes,like,7,1
619,110,pun,30,b,temper,allowed,7,1
631,112,pun,32,b,liable,things,7,1
643,115,pun,35,b,leaving,john,7,1
655,116,pun,36,b,lambs,potatoes,7,1
667,117,pun,37,b,talking,i'd,7,1
679,120,pun,40,b,alcohol,problem,7,1
691,122,pun,42,b,aching,starts,7,1
703,125,pun,45,b,future,years,7,1
715,127,pun,47,b,how's,agent,7,1
727,129,pun,49,b,help,ski,7,1
739,132,pun,52,b,order,bottle,7,1
751,135,pun,55,b,crack,up,7,1
763,137,pun,57,b,decay,horrible,7,1
775,139,pun,59,b,traumatic,odd,7,1
787,141,pun,61,b,doubling,irish,7,1
799,143,pun,63,b,bridge,plumber,7,1
811,145,pun,65,b,resolution,orbit,7,1
823,146,pun,66,b,pants,business,7,1
835,148,pun,68,b,minds,newspapers,7,1
847,150,pun,70,b,attitude,become,7,1
859,153,pun,73,b,destruction,weapons,7,1
871,156,pun,76,b,offer,made,7,1
883,158,pun,78,b,pays,use,7,1
895,160,pun,80,b,sense,wear,7,1
907,162,nonpun,2,a,tooth,dentist,7,1
919,165,nonpun,5,a,clothing,basic,7,1
931,168,nonpun,8,a,reword,speech,7,1
943,172,nonpun,12,a,spatial,house,7,1
955,175,nonpun,15,a,launch,place,7,1
967,180,nonpun,20,a,orifice,mouth,7,1
979,184,nonpun,24,a,epoch,began,7,1
991,186,nonpun,26,a,hobbit,hobbits,7,1
1003,190,nonpun,30,a,tamper,barista,7,1
1015,192,nonpun,32,a,libel,star,7,1
1027,195,nonpun,35,a,leafing,old,7,1
1039,199,nonpun,39,a,raven,black,7,1
1051,201,nonpun,41,a,shave,long,7,1
1063,203,nonpun,43,a,irrigation,land,7,1
1075,208,nonpun,48,a,eire,former,7,1
1087,211,nonpun,51,a,bean,lima,7,1
1099,213,nonpun,53,a,watt,light,7,1
1111,217,nonpun,57,a,decade,pretty,7,1
1123,221,nonpun,61,a,dublin,ireland,7,1
1135,225,nonpun,65,a,revolution,industrial,7,1
1147,227,nonpun,67,a,incisor,strong,7,1
1159,231,nonpun,71,a,presence,general,7,1
1171,234,nonpun,74,a,ream,week,7,1
1183,237,nonpun,77,a,source,having,7,1
1195,241,nonpun,1,b,line,notebook,7,1
1207,244,nonpun,4,b,hair,cat,7,1
1219,247,nonpun,7,b,purchase,new,7,1
1231,251,nonpun,11,b,wicked,man,7,1
1243,254,nonpun,14,b,scissors,cut,7,1
1255,258,nonpun,18,b,feelings,criticism,7,1
1267,261,nonpun,21,b,bail,jail ,7,1
1279,264,nonpun,24,b,pock,smallpox,7,1
1291,268,nonpun,28,b,holmes,reading,7,1
1303,272,nonpun,32,b,liable,state,7,1
1315,275,nonpun,35,b,leaving,work,7,1
1327,278,nonpun,38,b,magnet,paper,7,1
1339,281,nonpun,41,b,slave,holiday,7,1
1351,284,nonpun,44,b,ante,house,7,1
1363,288,nonpun,48,b,fire,keep,7,1
1375,291,nonpun,51,b,been,saw,7,1
1387,296,nonpun,56,b,lag,communications,7,1
1399,298,nonpun,58,b,traumatic,car,7,1
1411,301,nonpun,61,b,doubling,year,7,1
1423,304,nonpun,64,b,chief,chief ,7,1
1435,308,nonpun,68,b,minds,great,7,1
1447,312,nonpun,72,b,next,late,7,1
1459,315,nonpun,75,b,see,getting,7,1
1471,318,nonpun,78,b,pays,company,7,1
8,2,pun,2,a,tooth,patient,8,1
20,4,pun,4,a,heir,inherited,8,1
32,6,pun,6,a,ambiance,paramedic,8,1
44,9,pun,9,a,math,rubber,8,1
56,10,pun,10,a,stealer,clue,8,1
68,11,pun,11,a,wicker,humor,8,1
80,14,pun,14,a,caesars,cautioned,8,1
92,17,pun,17,a,flea,dog,8,1
104,19,pun,19,a,salivation,army,8,1
116,21,pun,21,a,braille,out,8,1
128,22,pun,22,a,sperm,moment,8,1
140,25,pun,25,a,bonus,worked,8,1
152,27,pun,27,a,screaming,horror,8,1
164,29,pun,29,a,kant,philosophy,8,1
176,31,pun,31,a,latte,shop,8,1
188,33,pun,33,a,tryst,plot,8,1
200,36,pun,36,a,yams,time,8,1
212,37,pun,37,a,tolkien,written,8,1
224,39,pun,39,a,raven,edgar,8,1
236,41,pun,41,a,shave,beards,8,1
248,44,pun,44,a,auntie,bet,8,1
260,46,pun,46,a,till,organic,8,1
272,48,pun,48,a,eire,ireland,8,1
284,51,pun,51,a,bean,those,8,1
296,53,pun,53,a,watt,thanks,8,1
308,56,pun,56,a,leg,jet,8,1
320,58,pun,58,a,dramatic,stress,8,1
332,60,pun,60,a,hosta,club,8,1
344,62,pun,62,a,prism,bifocals,8,1
356,64,pun,64,a,thief,robber,8,1
368,66,pun,66,a,plants,girls,8,1
380,68,pun,68,a,mimes,burglars,8,1
392,69,pun,69,a,glittering,suspiciously,8,1
404,72,pun,72,a,necks,looking,8,1
416,74,pun,74,a,ream,paper,8,1
428,76,pun,76,a,author,made,8,1
440,79,pun,79,a,espresso,making,8,1
452,81,pun,1,b,line,truck,8,1
464,83,pun,3,b,sillier,symmetrical,8,1
476,84,pun,4,b,hair,extension,8,1
488,87,pun,7,b,purchase,pet,8,1
500,89,pun,9,b,mass,weapon,8,1
512,91,pun,11,b,wicked,getting,8,1
524,93,pun,13,b,world,turn,8,1
536,96,pun,16,b,blue,show,8,1
548,99,pun,19,b,salvation,kennel,8,1
560,101,pun,21,b,bail,ashley,8,1
572,102,pun,22,b,spur,chromosome,8,1
584,104,pun,24,b,pock,grandparents,8,1
596,106,pun,26,b,habit,rings,8,1
608,108,pun,28,b,holmes,stay,8,1
620,110,pun,30,b,temper,make,8,1
632,112,pun,32,b,liable,sue,8,1
644,115,pun,35,b,leaving,plans,8,1
656,116,pun,36,b,lambs,called,8,1
668,117,pun,37,b,talking,sleep,8,1
680,120,pun,40,b,alcohol,went,8,1
692,122,pun,42,b,aching,clay,8,1
704,125,pun,45,b,future,resolution,8,1
716,127,pun,47,b,how's,said,8,1
728,129,pun,49,b,help,lot,8,1
740,132,pun,52,b,order,out,8,1
752,135,pun,55,b,crack,work,8,1
764,137,pun,57,b,decay,tooth,8,1
776,139,pun,59,b,traumatic,being,8,1
788,141,pun,61,b,doubling,rich,8,1
800,143,pun,63,b,bridge,explained,8,1
812,145,pun,65,b,resolution,january,8,1
824,146,pun,66,b,pants,sisterhood,8,1
836,148,pun,68,b,minds,called,8,1
848,150,pun,70,b,attitude,pilot,8,1
860,153,pun,73,b,destruction,mass,8,1
872,156,pun,76,b,offer,mario,8,1
884,158,pun,78,b,pays,glue,8,1
896,160,pun,80,b,sense,$20000,8,1
908,162,nonpun,2,a,tooth,examines,8,1
920,165,nonpun,5,a,clothing,necessities,8,1
932,168,nonpun,8,a,reword,advisors,8,1
944,172,nonpun,12,a,spatial,plans,8,1
956,175,nonpun,15,a,launch,morning,8,1
968,181,nonpun,21,a,braille,reads,8,1
980,184,nonpun,24,a,epoch,new,8,1
992,187,nonpun,27,a,screaming,started,8,1
1004,190,nonpun,30,a,tamper,used,8,1
1016,193,nonpun,33,a,tryst,lovers,8,1
1028,195,nonpun,35,a,leafing,book,8,1
1040,199,nonpun,39,a,raven,bird,8,1
1052,201,nonpun,41,a,shave,need,8,1
1064,203,nonpun,43,a,irrigation,soil,8,1
1076,208,nonpun,48,a,eire,name,8,1
1088,211,nonpun,51,a,bean,beans,8,1
1100,213,nonpun,53,a,watt,bulb,8,1
1112,217,nonpun,57,a,decade,long,8,1
1124,222,nonpun,62,a,prism,prisms,8,1
1136,225,nonpun,65,a,revolution,changed,8,1
1148,227,nonpun,67,a,incisor,incisors,8,1
1160,231,nonpun,71,a,presence,great,8,1
1172,235,nonpun,75,a,seize,seized,8,1
1184,237,nonpun,77,a,source,enough,8,1
1196,241,nonpun,1,b,line,thin,8,1
1208,244,nonpun,4,b,hair,food,8,1
1220,247,nonpun,7,b,purchase,car,8,1
1232,251,nonpun,11,b,wicked,took,8,1
1244,254,nonpun,14,b,scissors,people's,8,1
1256,258,nonpun,18,b,feelings,hurt,8,1
1268,262,nonpun,22,b,spur,boss,8,1
1280,264,nonpun,24,b,pock,left,8,1
1292,268,nonpun,28,b,holmes,sherlock,8,1
1304,272,nonpun,32,b,liable,tenants,8,1
1316,275,nonpun,35,b,leaving,right,8,1
1328,278,nonpun,38,b,magnet,clips,8,1
1340,281,nonpun,41,b,slave,driver,8,1
1352,284,nonpun,44,b,ante,owner,8,1
1364,288,nonpun,48,b,fire,warm,8,1
1376,292,nonpun,52,b,order,arranged,8,1
1388,296,nonpun,56,b,lag,not,8,1
1400,298,nonpun,58,b,traumatic,accident,8,1
1412,302,nonpun,62,b,prison,sent,8,1
1424,305,nonpun,65,b,resolution,admired,8,1
1436,308,nonpun,68,b,minds,think,8,1
1448,312,nonpun,72,b,next,you'll,8,1
1460,315,nonpun,75,b,see,glasses,8,1
1472,318,nonpun,78,b,pays,employees,8,1
9,2,pun,2,a,tooth,whole,9,1
21,4,pun,4,a,heir,late,9,1
33,6,pun,6,a,ambiance,got,9,1
45,9,pun,9,a,math,band,9,1
57,10,pun,10,a,stealer,called,9,1
69,12,pun,12,a,spatial,aliens,9,1
81,14,pun,14,a,caesars,not,9,1
93,17,pun,17,a,flea,get,9,1
105,20,pun,20,a,orifice,dentists,9,1
117,22,pun,22,a,sperm,even,9,1
129,22,pun,22,a,sperm,decision,9,1
141,25,pun,25,a,bonus,fingers,9,1
153,27,pun,27,a,screaming,movie,9,1
165,29,pun,29,a,kant,homework,9,1
177,31,pun,31,a,latte,you'll,9,1
189,34,pun,34,a,propane,inflammatory,9,1
201,36,pun,36,a,yams,thanksgiving,9,1
213,37,pun,37,a,tolkien,lord,9,1
225,39,pun,39,a,raven,allan,9,1
237,41,pun,41,a,shave,mustaches,9,1
249,44,pun,44,a,auntie,get,9,1
261,46,pun,46,a,till,farms,9,1
273,48,pun,48,a,eire,walking,9,1
285,51,pun,51,a,bean,lucky,9,1
297,54,pun,54,a,pest,children,9,1
309,57,pun,57,a,decade,ten,9,1
321,58,pun,58,a,dramatic,disorder,9,1
333,60,pun,60,a,hosta,visited,9,1
345,62,pun,62,a,prism,sentenced,9,1
357,64,pun,64,a,thief,baron,9,1
369,66,pun,66,a,plants,rented,9,1
381,68,pun,68,a,mimes,history,9,1
393,69,pun,69,a,glittering,high,9,1
405,72,pun,72,a,necks,victim,9,1
417,74,pun,74,a,ream,money,9,1
429,76,pun,76,a,author,refuse,9,1
441,79,pun,79,a,espresso,coffee,9,1
453,81,pun,1,b,line,driver,9,1
465,83,pun,3,b,sillier,eyelashes,9,1
477,85,pun,5,b,closing,men's,9,1
489,87,pun,7,b,purchase,store,9,1
501,89,pun,9,b,mass,disruption,9,1
513,91,pun,11,b,wicked,hit,9,1
525,93,pun,13,b,world,traveler,9,1
537,96,pun,16,b,blue,prize,9,1
549,99,pun,19,b,salvation,novel,9,1
561,101,pun,21,b,bail,blind,9,1
573,102,pun,22,b,spur,father,9,1
585,104,pun,24,b,pock,faces,9,1
597,106,pun,26,b,habit,guess,9,1
609,108,pun,28,b,holmes,current,9,1
621,110,pun,30,b,temper,espresso,9,1
633,113,pun,33,b,twist,novel,9,1
645,115,pun,35,b,leaving,retire,9,1
657,116,pun,36,b,lambs,the,9,1
669,118,pun,38,b,magnet,people,9,1
681,120,pun,40,b,alcohol,aa,9,1
693,122,pun,42,b,aching,sings,9,1
705,125,pun,45,b,future,bankrupt,9,1
717,127,pun,47,b,how's,going,9,1
729,130,pun,50,b,guarding,scarecrows,9,1
741,133,pun,53,b,lot,sign,9,1
753,135,pun,55,b,crack,dawn,9,1
765,138,pun,58,b,traumatic,actor,9,1
777,139,pun,59,b,traumatic,fired,9,1
789,141,pun,61,b,doubling,capital,9,1
801,143,pun,63,b,bridge,problem,9,1
813,145,pun,65,b,resolution,1st,9,1
825,146,pun,66,b,pants,traveling,9,1
837,148,pun,68,b,minds,criminal,9,1
849,150,pun,70,b,attitude,requires,9,1
861,154,pun,74,b,cream,brand,9,1
873,156,pun,76,b,offer,puzo's,9,1
885,158,pun,78,b,pays,class,9,1
897,160,pun,80,b,sense,perfume,9,1
909,162,nonpun,2,a,tooth,time,9,1
921,166,nonpun,6,a,ambiance,hotel,9,1
933,168,nonpun,8,a,reword,told,9,1
945,172,nonpun,12,a,spatial,paper,9,1
957,176,nonpun,16,a,bloom,apple,9,1
969,181,nonpun,21,a,braille,fingertips,9,1
981,184,nonpun,24,a,epoch,peace,9,1
993,187,nonpun,27,a,screaming,man,9,1
1005,190,nonpun,30,a,tamper,press,9,1
1017,193,nonpun,33,a,tryst,go,9,1
1029,196,nonpun,36,a,yams,people,9,1
1041,200,nonpun,40,a,alkaline,tried,9,1
1053,202,nonpun,42,a,aiken,clay,9,1
1065,204,nonpun,44,a,auntie,betty,9,1
1077,208,nonpun,48,a,eire,republic,9,1
1089,211,nonpun,51,a,bean,black,9,1
1101,214,nonpun,54,a,pest,rats,9,1
1113,217,nonpun,57,a,decade,time,9,1
1125,222,nonpun,62,a,prism,used,9,1
1137,225,nonpun,65,a,revolution,people,9,1
1149,228,nonpun,68,a,mimes,very,9,1
1161,232,nonpun,72,a,necks,wore,9,1
1173,235,nonpun,75,a,seize,arm,9,1
1185,237,nonpun,77,a,source,money,9,1
1197,241,nonpun,1,b,line,blue,9,1
1209,245,nonpun,5,b,closing,chairman,9,1
1221,248,nonpun,8,b,reward,gave,9,1
1233,251,nonpun,11,b,wicked,child,9,1
1245,254,nonpun,14,b,scissors,hair,9,1
1257,258,nonpun,18,b,feelings,daughter's,9,1
1269,262,nonpun,22,b,spur,called,9,1
1281,264,nonpun,24,b,pock,marks,9,1
1293,268,nonpun,28,b,holmes,books,9,1
1305,272,nonpun,32,b,liable,damages,9,1
1317,276,nonpun,36,b,lambs,family,9,1
1329,279,nonpun,39,b,raving,mad,9,1
1341,282,nonpun,42,b,aching,back,9,1
1353,284,nonpun,44,b,ante,upped,9,1
1365,289,nonpun,49,b,help,gave,9,1
1377,292,nonpun,52,b,order,newspapers,9,1
1389,296,nonpun,56,b,lag,hear,9,1
1401,298,nonpun,58,b,traumatic,very,9,1
1413,302,nonpun,62,b,prison,robbing,9,1
1425,305,nonpun,65,b,resolution,quit,9,1
1437,308,nonpun,68,b,minds,alike,9,1
1449,312,nonpun,72,b,next,trouble,9,1
1461,316,nonpun,76,b,offer,very,9,1
1473,318,nonpun,78,b,pays,weeks,9,1
10,3,pun,3,a,cilia,handlebar,10,1
22,4,pun,4,a,heir,father,10,1
34,6,pun,6,a,ambiance,new,10,1
46,9,pun,9,a,math,pistol,10,1
58,10,pun,10,a,stealer,stainless,10,1
70,12,pun,12,a,spatial,lovable,10,1
82,14,pun,14,a,caesars,run,10,1
94,18,pun,18,a,fillings,kind,10,1
106,20,pun,20,a,orifice,like,10,1
118,22,pun,22,a,sperm,contributes,10,1
130,23,pun,23,a,grime,children,10,1
142,26,pun,26,a,hobbit,keep,10,1
154,27,pun,27,a,screaming,i've,10,1
166,29,pun,29,a,kant,just,10,1
178,31,pun,31,a,latte,work,10,1
190,34,pun,34,a,propane,talk,10,1
202,36,pun,36,a,yams,blockbuster,10,1
214,37,pun,37,a,tolkien,rings,10,1
226,39,pun,39,a,raven,poe,10,1
238,41,pun,41,a,shave,real,10,1
250,44,pun,44,a,auntie,married,10,1
262,46,pun,46,a,till,like,10,1
274,49,pun,49,a,alp,people,10,1
286,52,pun,52,a,odor,sign,10,1
298,54,pun,54,a,pest,behavior,10,1
310,57,pun,57,a,decade,years,10,1
322,59,pun,59,a,grammatic,english,10,1
334,60,pun,60,a,hosta,nursery,10,1
346,62,pun,62,a,prism,three,10,1
358,64,pun,64,a,thief,commander,10,1
370,66,pun,66,a,plants,flora,10,1
382,68,pun,68,a,mimes,new,10,1
394,69,pun,69,a,glittering,end,10,1
406,73,pun,73,a,digestion,villain,10,1
418,74,pun,74,a,ream,buy,10,1
430,77,pun,77,a,source,crop,10,1
442,79,pun,79,a,espresso,really,10,1
454,81,pun,1,b,line,refused,10,1
466,83,pun,3,b,sillier,even,10,1
478,85,pun,5,b,closing,wear,10,1
490,87,pun,7,b,purchase,bird,10,1
502,90,pun,10,b,steeler,thief,10,1
514,91,pun,11,b,wicked,basket,10,1
526,94,pun,14,b,scissors,young,10,1
538,96,pun,16,b,blue,ribbon,10,1
550,99,pun,19,b,salvation,ivan,10,1
562,101,pun,21,b,bail,under,10,1
574,102,pun,22,b,spur,chooses,10,1
586,104,pun,24,b,pock,full,10,1
598,106,pun,26,b,habit,just,10,1
610,108,pun,28,b,holmes,electrifying,10,1
622,110,pun,30,b,temper,lose,10,1
634,113,pun,33,b,twist,unexpected,10,1
646,115,pun,35,b,leaving,spring,10,1
658,116,pun,36,b,lambs,silence,10,1
670,118,pun,38,b,magnet,strongly,10,1
682,120,pun,40,b,alcohol,meetings,10,1
694,123,pun,43,b,irritation,neighbor's,10,1
706,125,pun,45,b,future,gardener,10,1
718,128,pun,48,b,fire,people,10,1
730,130,pun,50,b,guarding,patch,10,1
742,133,pun,53,b,lot,please,10,1
754,136,pun,56,b,lag,planes,10,1
766,138,pun,58,b,traumatic,quite,10,1
778,139,pun,59,b,traumatic,post,10,1
790,142,pun,62,b,prison,optical,10,1
802,143,pun,63,b,bridge,kitchen,10,1
814,145,pun,65,b,resolution,causing,10,1
826,147,pun,67,b,insider,dentist,10,1
838,149,pun,69,b,littering,tinker,10,1
850,150,pun,70,b,attitude,good,10,1
862,154,pun,74,b,cream,name,10,1
874,156,pun,76,b,offer,books,10,1
886,158,pun,78,b,pays,careful,10,1
898,160,pun,80,b,sense,obviously,10,1
910,163,nonpun,3,a,cilia,hairlike,10,1
922,166,nonpun,6,a,ambiance,warmth,10,1
934,169,nonpun,9,a,math,exam,10,1
946,173,nonpun,13,a,whirled,dancers,10,1
958,176,nonpun,16,a,bloom,tree,10,1
970,182,nonpun,22,a,sperm,decided,10,1
982,184,nonpun,24,a,epoch,cooperation,10,1
994,187,nonpun,27,a,screaming,pulled,10,1
1006,190,nonpun,30,a,tamper,coffee,10,1
1018,193,nonpun,33,a,tryst,away,10,1
1030,196,nonpun,36,a,yams,eat,10,1
1042,200,nonpun,40,a,alkaline,out,10,1
1054,202,nonpun,42,a,aiken,rose,10,1
1066,204,nonpun,44,a,auntie,mother's,10,1
1078,208,nonpun,48,a,eire,ireland,10,1
1090,211,nonpun,51,a,bean,beans,10,1
1102,214,nonpun,54,a,pest,mice,10,1
1114,218,nonpun,58,a,dramatic,written,10,1
1126,222,nonpun,62,a,prism,reflect,10,1
1138,225,nonpun,65,a,revolution,worked,10,1
1150,228,nonpun,68,a,mimes,skilled,10,1
1162,232,nonpun,72,a,necks,scarf,10,1
1174,235,nonpun,75,a,seize,run,10,1
1186,238,nonpun,78,a,paste,used,10,1
1198,241,nonpun,1,b,line,lines,10,1
1210,245,nonpun,5,b,closing,made,10,1
1222,248,nonpun,8,b,reward,working,10,1
1234,251,nonpun,11,b,wicked,parents,10,1
1246,255,nonpun,15,b,lunch,sandwich,10,1
1258,259,nonpun,19,b,salvation,minister,10,1
1270,262,nonpun,22,b,spur,workers,10,1
1282,265,nonpun,25,b,bones,give,10,1
1294,269,nonpun,29,b,can't,remember,10,1
1306,272,nonpun,32,b,liable,cause,10,1
1318,276,nonpun,36,b,lambs,roast,10,1
1330,279,nonpun,39,b,raving,man,10,1
1342,282,nonpun,42,b,aching,sitting,10,1
1354,285,nonpun,45,b,future,knows,10,1
1366,289,nonpun,49,b,help,friend,10,1
1378,292,nonpun,52,b,order,dates,10,1
1390,296,nonpun,56,b,lag,news,10,1
1402,298,nonpun,58,b,traumatic,experience,10,1
1414,302,nonpun,62,b,prison,bank,10,1
1426,305,nonpun,65,b,resolution,smoking,10,1
1438,309,nonpun,69,b,littering,caught,10,1
1450,313,nonpun,73,b,destruction,hurricane,10,1
1462,316,nonpun,76,b,offer,considerate,10,1
1474,319,nonpun,79,b,express,learn,10,1
11,3,pun,3,a,cilia,mustache,11,1
23,4,pun,4,a,heir,put,11,1
35,6,pun,6,a,ambiance,job,11,1
47,9,pun,9,a,math,confiscated,11,1
59,11,pun,11,a,wicker,getting,11,1
71,13,pun,13,a,whirled,astronaut,11,1
83,15,pun,15,a,launch,astronauts,11,1
95,18,pun,18,a,fillings,dentist,11,1
107,20,pun,20,a,orifice,hard,11,1
119,22,pun,22,a,sperm,either,11,1
131,23,pun,23,a,grime,eat,11,1
143,26,pun,26,a,hobbit,reading,11,1
155,27,pun,27,a,screaming,arranged,11,1
167,30,pun,30,a,tamper,barista,11,1
179,32,pun,32,a,libel,write,11,1
191,34,pun,34,a,propane,seen,11,1
203,36,pun,36,a,yams,movie,11,1
215,37,pun,37,a,tolkien,wife,11,1
227,39,pun,39,a,raven,madman,11,1
239,41,pun,41,a,shave,driver,11,1
251,44,pun,44,a,auntie,upped,11,1
263,47,pun,47,a,house,real,11,1
275,49,pun,49,a,alp,switzerland,11,1
287,52,pun,52,a,odor,broken,11,1
299,55,pun,55,a,crank,people,11,1
311,57,pun,57,a,decade,brushing,11,1
323,59,pun,59,a,grammatic,teacher,11,1
335,60,pun,60,a,hosta,found,11,1
347,62,pun,62,a,prism,years,11,1
359,65,pun,65,a,revolution,satellite,11,1
371,66,pun,66,a,plants,offices,11,1
383,68,pun,68,a,mimes,york,11,1
395,69,pun,69,a,glittering,only,11,1
407,73,pun,73,a,digestion,call,11,1
419,74,pun,74,a,ream,crop,11,1
431,77,pun,77,a,source,destroyed,11,1
443,79,pun,79,a,espresso,know,11,1
455,81,pun,1,b,line,tow,11,1
467,84,pun,4,b,hair,man,11,1
479,85,pun,5,b,closing,store,11,1
491,87,pun,7,b,purchase,contest,11,1
503,90,pun,10,b,steeler,stole,11,1
515,91,pun,11,b,wicked,aron,11,1
527,94,pun,14,b,scissors,boy,11,1
539,97,pun,17,b,free,pet,11,1
551,99,pun,19,b,salvation,pavlov,11,1
563,101,pun,21,b,bail,arrest,11,1
575,102,pun,22,b,spur,sex,11,1
587,104,pun,24,b,pock,marks,11,1
599,106,pun,26,b,habit,force,11,1
611,108,pun,28,b,holmes,adventures,11,1
623,111,pun,31,b,late,spend,11,1
635,113,pun,33,b,twist,secret,11,1
647,115,pun,35,b,leaving,like,11,1
659,117,pun,37,b,talking,night,11,1
671,118,pun,38,b,magnet,attracted,11,1
683,121,pun,41,b,slave,boss,11,1
695,123,pun,43,b,irritation,sprinkler,11,1
707,125,pun,45,b,future,forget,11,1
719,128,pun,48,b,fire,happy,11,1
731,131,pun,51,b,been,selling,11,1
743,133,pun,53,b,lot,turn,11,1
755,136,pun,56,b,lag,cramped,11,1
767,138,pun,58,b,traumatic,right,11,1
779,139,pun,59,b,traumatic,stress,11,1
791,142,pun,62,b,prison,scientist,11,1
803,143,pun,63,b,bridge,just,11,1
815,145,pun,65,b,resolution,new,11,1
827,147,pun,67,b,insider,convicted,11,1
839,149,pun,69,b,littering,bell,11,1
851,151,pun,71,b,presents,christmas,11,1
863,154,pun,74,b,cream,highest,11,1
875,156,pun,76,b,offer,required,11,1
887,159,pun,79,b,express,why,11,1
899,160,pun,80,b,sense,known,11,1
911,163,nonpun,3,a,cilia,projections,11,1
923,166,nonpun,6,a,ambiance,charm,11,1
935,169,nonpun,9,a,math,school,11,1
947,173,nonpun,13,a,whirled,stage,11,1
959,176,nonpun,16,a,bloom,week ,11,1
971,182,nonpun,22,a,sperm,donate,11,1
983,185,nonpun,25,a,bonus,company,11,1
995,187,nonpun,27,a,screaming,out,11,1
1007,191,nonpun,31,a,latte,like,11,1
1019,193,nonpun,33,a,tryst,country,11,1
1031,196,nonpun,36,a,yams,turkey,11,1
1043,200,nonpun,40,a,alkaline,diet,11,1
1055,202,nonpun,42,a,aiken,fame,11,1
1067,204,nonpun,44,a,auntie,sister,11,1
1079,209,nonpun,49,a,alp,very,11,1
1091,212,nonpun,52,a,odor,old,11,1
1103,214,nonpun,54,a,pest,flies,11,1
1115,218,nonpun,58,a,dramatic,works,11,1
1127,222,nonpun,62,a,prism,split,11,1
1139,225,nonpun,65,a,revolution,lived,11,1
1151,228,nonpun,68,a,mimes,imitating,11,1
1163,232,nonpun,72,a,necks,neck,11,1
1175,235,nonpun,75,a,seize,away,11,1
1187,238,nonpun,78,a,paste,put,11,1
1199,241,nonpun,1,b,line,printed,11,1
1211,245,nonpun,5,b,closing,remarks,11,1
1223,248,nonpun,8,b,reward,hard,11,1
1235,252,nonpun,12,b,special,birthday,11,1
1247,256,nonpun,16,b,blue,yellow,11,1
1259,259,nonpun,19,b,salvation,prayed,11,1
1271,262,nonpun,22,b,spur,together,11,1
1283,265,nonpun,25,b,bones,shape,11,1
1295,269,nonpun,29,b,can't,time,11,1
1307,272,nonpun,32,b,liable,property,11,1
1319,276,nonpun,36,b,lambs,leg,11,1
1331,279,nonpun,39,b,raving,frightened,11,1
1343,283,nonpun,43,b,irritation,tried,11,1
1355,285,nonpun,45,b,future,happen,11,1
1367,289,nonpun,49,b,help,homework,11,1
1379,293,nonpun,53,b,lot,decided,11,1
1391,296,nonpun,56,b,lag,until,11,1
1403,299,nonpun,59,b,traumatic,incident,11,1
1415,303,nonpun,63,b,bridge,trains,11,1
1427,306,nonpun,66,b,pants,legs,11,1
1439,309,nonpun,69,b,littering,pay,11,1
1451,313,nonpun,73,b,destruction,causes,11,1
1463,316,nonpun,76,b,offer,give,11,1
1475,319,nonpun,79,b,express,feelings,11,1
12,3,pun,3,a,cilia,look,12,1
24,4,pun,4,a,heir,addition,12,1
36,6,pun,6,a,ambiance,chauffeur,12,1
48,9,pun,9,a,math,algebra,12,1
60,11,pun,11,a,wicker,pranked,12,1
72,13,pun,13,a,whirled,gets,12,1
84,15,pun,15,a,launch,like,12,1
96,19,pun,19,a,salivation,bell,12,1
108,20,pun,20,a,orifice,day,12,1
120,22,pun,22,a,sperm,x,12,1
132,23,pun,23,a,grime,washing,12,1
144,26,pun,26,a,hobbit,the,12,1
156,27,pun,27,a,screaming,private,12,1
168,30,pun,30,a,tamper,not,12,1
180,32,pun,32,a,libel,bad,12,1
192,34,pun,34,a,propane,language,12,1
204,36,pun,36,a,yams,sweet,12,1
216,37,pun,37,a,tolkien,said,12,1
228,40,pun,40,a,alkaline,battery,12,1
240,42,pun,42,a,aiken,heart,12,1
252,45,pun,45,a,fuchsia,new,12,1
264,47,pun,47,a,house,estate,12,1
276,49,pun,49,a,alp,learn,12,1
288,52,pun,52,a,odor,perfume,12,1
300,55,pun,55,a,crank,get,12,1
312,57,pun,57,a,decade,causes,12,1
324,59,pun,59,a,grammatic,felt,12,1
336,60,pun,60,a,hosta,environment,12,1
348,62,pun,62,a,prism,state,12,1
360,65,pun,65,a,revolution,went,12,1
372,66,pun,66,a,plants,called,12,1
384,68,pun,68,a,mimes,city,12,1
396,69,pun,69,a,glittering,fined,12,1
408,73,pun,73,a,digestion,silverware,12,1
420,75,pun,75,a,seize,get,12,1
432,77,pun,77,a,source,cranberry,12,1
444,80,pun,80,a,scents,women,12,1
456,82,pun,2,b,truth,dentist,12,1
468,84,pun,4,b,hair,used,12,1
480,85,pun,5,b,closing,opening,12,1
492,87,pun,7,b,purchase,necessary,12,1
504,90,pun,10,b,steeler,cutlery,12,1
516,91,pun,11,b,wicked,knew,12,1
528,94,pun,14,b,scissors,brutus',12,1
540,97,pun,17,b,free,store,12,1
552,99,pun,19,b,salvation,chronicles,12,1
564,101,pun,21,b,bail,still,12,1
576,102,pun,22,b,spur,child,12,1
588,105,pun,25,b,bones,labored,12,1
600,107,pun,27,b,screening,like,12,1
612,108,pun,28,b,holmes,sherlock,12,1
624,111,pun,31,b,late,time,12,1
636,113,pun,33,b,twist,meeting,12,1
648,115,pun,35,b,leaving,trees,12,1
660,117,pun,37,b,talking,kept,12,1
672,119,pun,39,b,raving,people,12,1
684,121,pun,41,b,slave,not,12,1
696,123,pun,43,b,irritation,constant,12,1
708,125,pun,45,b,future,past,12,1
720,128,pun,48,b,fire,time,12,1
732,131,pun,51,b,been,coffee,12,1
744,133,pun,53,b,lot,out,12,1
756,136,pun,56,b,lag,passengers,12,1
768,138,pun,58,b,traumatic,retired,12,1
780,139,pun,59,b,traumatic,disorder,12,1
792,142,pun,62,b,prison,stole,12,1
804,143,pun,63,b,bridge,water,12,1
816,145,pun,65,b,resolution,year's,12,1
828,147,pun,67,b,insider,trading,12,1
840,149,pun,69,b,littering,arrested,12,1
852,151,pun,71,b,presents,people's,12,1
864,154,pun,74,b,cream,quality,12,1
876,156,pun,76,b,offer,reading,12,1
888,159,pun,79,b,express,italians,12,1
900,160,pun,80,b,sense,common,12,1
912,163,nonpun,3,a,cilia,surface,12,1
924,167,nonpun,7,a,perches,pigeons,12,1
936,170,nonpun,10,a,stealer,hearts,12,1
948,174,nonpun,14,a,caesars,owner,12,1
960,177,nonpun,17,a,flea,dog,12,1
972,183,nonpun,23,a,grime,city's,12,1
984,185,nonpun,25,a,bonus,pays,12,1
996,187,nonpun,27,a,screaming,knife,12,1
1008,191,nonpun,31,a,latte,morning,12,1
1020,193,nonpun,33,a,tryst,weekend,12,1
1032,197,nonpun,37,a,tolkien,wrote,12,1
1044,200,nonpun,40,a,alkaline,maintain,12,1
1056,202,nonpun,42,a,aiken,won,12,1
1068,205,nonpun,45,a,fuchsia,favorite,12,1
1080,209,nonpun,49,a,alp,high,12,1
1092,212,nonpun,52,a,odor,fish,12,1
1104,214,nonpun,54,a,pest,regarded,12,1
1116,218,nonpun,58,a,dramatic,stage ,12,1
1128,222,nonpun,62,a,prism,light,12,1
1140,226,nonpun,66,a,plants,humans,12,1
1152,228,nonpun,68,a,mimes,people,12,1
1164,233,nonpun,73,a,digestion,good,12,1
1176,236,nonpun,76,a,author,cervantes,12,1
1188,238,nonpun,78,a,paste,pictures,12,1
1200,241,nonpun,1,b,line,page,12,1
1212,245,nonpun,5,b,closing,end,12,1
1224,248,nonpun,8,b,reward,year,12,1
1236,252,nonpun,12,b,special,party,12,1
1248,256,nonpun,16,b,blue,make,12,1
1260,259,nonpun,19,b,salvation,evil,12,1
1272,262,nonpun,22,b,spur,moment ,12,1
1284,266,nonpun,26,b,habit,smoking,12,1
1296,269,nonpun,29,b,can't,happened,12,1
1308,273,nonpun,33,b,twist,twisted,12,1
1320,276,nonpun,36,b,lambs,lamb,12,1
1332,279,nonpun,39,b,raving,those,12,1
1344,283,nonpun,43,b,irritation,hide,12,1
1356,286,nonpun,46,b,tell,tells,12,1
1368,290,nonpun,50,b,guarding,dog,12,1
1380,293,nonpun,53,b,lot,leave,12,1
1392,296,nonpun,56,b,lag,days,12,1
1404,299,nonpun,59,b,traumatic,left,12,1
1416,303,nonpun,63,b,bridge,go,12,1
1428,306,nonpun,66,b,pants,cold,12,1
1440,309,nonpun,69,b,littering,fine,12,1
1452,313,nonpun,73,b,destruction,great,12,1
1464,316,nonpun,76,b,offer,ride,12,1
1476,319,nonpun,79,b,express,better,12,1